invoice_id,org_id,vendor_id,contract_id,store_id,city_id,invoice_ref,invoice_date,billing_period_start,billing_period_end,service_unit_count,validated_unit_count,billed_rate_inr,contracted_rate_inr,amount_inr,status
1,1,1,1,1,1,QB-001-01-W01,2026-03-21,2026-03-15,2026-03-21,2842,2842,35.74,35.74,101573.08,open
2,1,3,3,1,1,QB-001-03-W01,2026-03-21,2026-03-15,2026-03-21,3698,3698,6.47,6.47,23926.06,open
3,1,7,7,1,1,QB-001-07-W01,2026-03-21,2026-03-15,2026-03-21,72,67,937.94,937.94,67531.68,open
4,1,6,6,1,1,QB-001-06-W01,2026-03-21,2026-03-15,2026-03-21,110,110,39.06,39.06,4296.6,open
5,1,9,9,1,1,QB-001-09-W01,2026-03-21,2026-03-15,2026-03-21,31,31,298.29,298.29,9246.99,open
6,1,1,1,1,1,QB-001-01-W02,2026-03-28,2026-03-22,2026-03-28,3121,3121,35.74,35.74,111544.54,open
7,1,4,4,1,1,QB-001-04-W02,2026-03-28,2026-03-22,2026-03-28,3608,3608,6.98,6.98,25183.84,open
8,1,7,7,1,1,QB-001-07-W02,2026-03-28,2026-03-22,2026-03-28,56,56,937.94,937.94,52524.64,open
9,1,6,6,1,1,QB-001-06-W02,2026-03-28,2026-03-22,2026-03-28,113,113,39.06,39.06,4413.78,open
10,1,10,10,1,1,QB-001-10-W02,2026-03-28,2026-03-22,2026-03-28,29,29,240.82,240.82,6983.78,open
11,1,1,1,2,1,QB-002-01-W01,2026-03-21,2026-03-15,2026-03-21,2826,2826,35.74,35.74,101001.24,open
12,1,4,4,2,1,QB-002-04-W01,2026-03-21,2026-03-15,2026-03-21,3151,3151,6.98,6.98,21993.98,open
13,1,8,8,2,1,QB-002-08-W01,2026-03-21,2026-03-15,2026-03-21,78,78,1088.48,1088.48,84901.44,open
14,1,5,5,2,1,QB-002-05-W01,2026-03-21,2026-03-15,2026-03-21,129,129,34.29,34.29,4423.41,open
15,1,9,9,2,1,QB-002-09-W01,2026-03-21,2026-03-15,2026-03-21,33,33,298.29,298.29,9843.57,open
16,1,1,1,2,1,QB-002-01-W02,2026-03-28,2026-03-22,2026-03-28,2400,2400,35.74,35.74,85776.0,open
17,1,3,3,2,1,QB-002-03-W02,2026-03-28,2026-03-22,2026-03-28,3012,3012,6.47,6.47,19487.64,open
18,1,8,8,2,1,QB-002-08-W02,2026-03-28,2026-03-22,2026-03-28,60,60,1088.48,1088.48,65308.8,open
19,1,6,6,2,1,QB-002-06-W02,2026-03-28,2026-03-22,2026-03-28,126,126,39.06,39.06,4921.56,open
20,1,10,10,2,1,QB-002-10-W02,2026-03-28,2026-03-22,2026-03-28,27,27,240.82,240.82,6502.14,open
21,1,2,2,3,1,QB-003-02-W01,2026-03-21,2026-03-15,2026-03-21,1921,1921,39.89,39.89,76628.69,open
22,1,4,4,3,1,QB-003-04-W01,2026-03-21,2026-03-15,2026-03-21,2359,2359,6.98,6.98,16465.82,open
23,1,7,7,3,1,QB-003-07-W01,2026-03-21,2026-03-15,2026-03-21,63,55,937.94,937.94,59090.22,open
24,1,6,6,3,1,QB-003-06-W01,2026-03-21,2026-03-15,2026-03-21,114,114,39.06,39.06,4452.84,open
25,1,9,9,3,1,QB-003-09-W01,2026-03-21,2026-03-15,2026-03-21,24,24,298.29,298.29,7158.96,open
26,1,1,1,3,1,QB-003-01-W02,2026-03-28,2026-03-22,2026-03-28,1664,1664,35.74,35.74,59471.36,open
27,1,3,3,3,1,QB-003-03-W02,2026-03-28,2026-03-22,2026-03-28,2303,2303,6.47,6.47,14900.41,open
28,1,7,7,3,1,QB-003-07-W02,2026-03-28,2026-03-22,2026-03-28,55,55,937.94,937.94,51586.7,open
29,1,5,5,3,1,QB-003-05-W02,2026-03-28,2026-03-22,2026-03-28,157,157,34.29,34.29,5383.53,open
30,1,10,10,3,1,QB-003-10-W02,2026-03-28,2026-03-22,2026-03-28,23,23,240.82,240.82,5538.86,open
31,1,2,2,4,1,QB-004-02-W01,2026-03-21,2026-03-15,2026-03-21,2472,2472,39.89,39.89,98608.08,open
32,1,4,4,4,1,QB-004-04-W01,2026-03-21,2026-03-15,2026-03-21,3307,3307,6.98,6.98,23082.86,open
33,1,7,7,4,1,QB-004-07-W01,2026-03-21,2026-03-15,2026-03-21,64,64,937.94,937.94,60028.16,open
34,1,6,6,4,1,QB-004-06-W01,2026-03-21,2026-03-15,2026-03-21,115,115,39.06,39.06,4491.9,open
35,1,9,9,4,1,QB-004-09-W01,2026-03-21,2026-03-15,2026-03-21,20,20,298.29,298.29,5965.8,open
36,1,2,2,4,1,QB-004-02-W02,2026-03-28,2026-03-22,2026-03-28,2627,2627,39.89,39.89,104791.03,open
37,1,4,4,4,1,QB-004-04-W02,2026-03-28,2026-03-22,2026-03-28,3387,3387,6.98,6.98,23641.26,open
38,1,8,8,4,1,QB-004-08-W02,2026-03-28,2026-03-22,2026-03-28,48,43,1088.48,1088.48,52247.04,open
39,1,5,5,4,1,QB-004-05-W02,2026-03-28,2026-03-22,2026-03-28,190,190,34.29,34.29,6515.1,open
40,1,10,10,4,1,QB-004-10-W02,2026-03-28,2026-03-22,2026-03-28,25,25,240.82,240.82,6020.5,open
41,1,2,2,5,1,QB-005-02-W01,2026-03-21,2026-03-15,2026-03-21,1426,1426,39.89,39.89,56883.14,open
42,1,3,3,5,1,QB-005-03-W01,2026-03-21,2026-03-15,2026-03-21,1911,1911,6.47,6.47,12364.17,open
43,1,7,7,5,1,QB-005-07-W01,2026-03-21,2026-03-15,2026-03-21,41,41,937.94,937.94,38455.54,open
44,1,6,6,5,1,QB-005-06-W01,2026-03-21,2026-03-15,2026-03-21,211,211,39.06,39.06,8241.66,open
45,1,10,10,5,1,QB-005-10-W01,2026-03-21,2026-03-15,2026-03-21,35,35,240.82,240.82,8428.7,open
46,1,1,1,5,1,QB-005-01-W02,2026-03-28,2026-03-22,2026-03-28,1502,1502,35.74,35.74,53681.48,open
47,1,4,4,5,1,QB-005-04-W02,2026-03-28,2026-03-22,2026-03-28,2046,2046,6.98,6.98,14281.08,open
48,1,7,7,5,1,QB-005-07-W02,2026-03-28,2026-03-22,2026-03-28,61,61,937.94,937.94,57214.34,open
49,1,5,5,5,1,QB-005-05-W02,2026-03-28,2026-03-22,2026-03-28,158,158,34.29,34.29,5417.82,open
50,1,9,9,5,1,QB-005-09-W02,2026-03-28,2026-03-22,2026-03-28,19,19,298.29,298.29,5667.51,open
51,1,1,1,6,1,QB-006-01-W01,2026-03-21,2026-03-15,2026-03-21,1876,1876,35.74,35.74,67048.24,open
52,1,3,3,6,1,QB-006-03-W01,2026-03-21,2026-03-15,2026-03-21,2190,2190,6.47,6.47,14169.3,open
53,1,8,8,6,1,QB-006-08-W01,2026-03-21,2026-03-15,2026-03-21,53,50,1088.48,1088.48,57689.44,open
54,1,6,6,6,1,QB-006-06-W01,2026-03-21,2026-03-15,2026-03-21,186,186,39.06,39.06,7265.16,open
55,1,9,9,6,1,QB-006-09-W01,2026-03-21,2026-03-15,2026-03-21,18,18,298.29,298.29,5369.22,open
56,1,1,1,6,1,QB-006-01-W02,2026-03-28,2026-03-22,2026-03-28,1806,1806,35.74,35.74,64546.44,open
57,1,3,3,6,1,QB-006-03-W02,2026-03-28,2026-03-22,2026-03-28,2099,2099,6.47,6.47,13580.53,open
58,1,8,8,6,1,QB-006-08-W02,2026-03-28,2026-03-22,2026-03-28,84,78,1088.48,1088.48,91432.32,open
59,1,5,5,6,1,QB-006-05-W02,2026-03-28,2026-03-22,2026-03-28,129,129,34.29,34.29,4423.41,open
60,1,9,9,6,1,QB-006-09-W02,2026-03-28,2026-03-22,2026-03-28,21,21,298.29,298.29,6264.09,open
61,1,1,1,7,1,QB-007-01-W01,2026-03-21,2026-03-15,2026-03-21,2274,2274,35.74,35.74,81272.76,open
62,1,3,3,7,1,QB-007-03-W01,2026-03-21,2026-03-15,2026-03-21,3000,3000,6.47,6.47,19410.0,open
63,1,8,8,7,1,QB-007-08-W01,2026-03-21,2026-03-15,2026-03-21,76,76,1088.48,1088.48,82724.48,open
64,1,5,5,7,1,QB-007-05-W01,2026-03-21,2026-03-15,2026-03-21,197,197,34.29,34.29,6755.13,open
65,1,10,10,7,1,QB-007-10-W01,2026-03-21,2026-03-15,2026-03-21,26,26,240.82,240.82,6261.32,open
66,1,1,1,7,1,QB-007-01-W02,2026-03-28,2026-03-22,2026-03-28,2359,2359,35.74,35.74,84310.66,open
67,1,4,4,7,1,QB-007-04-W02,2026-03-28,2026-03-22,2026-03-28,2764,2764,6.98,6.98,19292.72,open
68,1,7,7,7,1,QB-007-07-W02,2026-03-28,2026-03-22,2026-03-28,77,77,937.94,937.94,72221.38,open
69,1,5,5,7,1,QB-007-05-W02,2026-03-28,2026-03-22,2026-03-28,184,184,34.29,34.29,6309.36,open
70,1,10,10,7,1,QB-007-10-W02,2026-03-28,2026-03-22,2026-03-28,42,42,240.82,240.82,10114.44,open
71,1,2,2,8,2,QB-008-02-W01,2026-03-21,2026-03-15,2026-03-21,1476,1283,39.89,39.89,58877.64,open
72,1,3,3,8,2,QB-008-03-W01,2026-03-21,2026-03-15,2026-03-21,1652,1652,6.47,6.47,10688.44,open
73,1,7,7,8,2,QB-008-07-W01,2026-03-21,2026-03-15,2026-03-21,77,77,937.94,937.94,72221.38,open
74,1,6,6,8,2,QB-008-06-W01,2026-03-21,2026-03-15,2026-03-21,166,166,39.06,39.06,6483.96,open
75,1,9,9,8,2,QB-008-09-W01,2026-03-21,2026-03-15,2026-03-21,27,27,298.29,298.29,8053.83,open
76,1,2,2,8,2,QB-008-02-W02,2026-03-28,2026-03-22,2026-03-28,1221,1221,39.89,39.89,48705.69,open
77,1,4,4,8,2,QB-008-04-W02,2026-03-28,2026-03-22,2026-03-28,1546,1546,6.98,6.98,10791.08,open
78,1,7,7,8,2,QB-008-07-W02,2026-03-28,2026-03-22,2026-03-28,65,65,937.94,937.94,60966.1,open
79,1,6,6,8,2,QB-008-06-W02,2026-03-28,2026-03-22,2026-03-28,180,180,39.06,39.06,7030.8,open
80,1,10,10,8,2,QB-008-10-W02,2026-03-28,2026-03-22,2026-03-28,28,28,240.82,240.82,6742.96,open
81,1,2,2,9,2,QB-009-02-W01,2026-03-21,2026-03-15,2026-03-21,2474,2474,39.89,39.89,98687.86,open
82,1,3,3,9,2,QB-009-03-W01,2026-03-21,2026-03-15,2026-03-21,2827,2827,6.47,6.47,18290.69,open
83,1,8,8,9,2,QB-009-08-W01,2026-03-21,2026-03-15,2026-03-21,59,59,1088.48,1088.48,64220.32,open
84,1,6,6,9,2,QB-009-06-W01,2026-03-21,2026-03-15,2026-03-21,103,103,39.06,39.06,4023.18,open
85,1,9,9,9,2,QB-009-09-W01,2026-03-21,2026-03-15,2026-03-21,18,18,298.29,298.29,5369.22,open
86,1,2,2,9,2,QB-009-02-W02,2026-03-28,2026-03-22,2026-03-28,2343,2343,39.89,39.89,93462.27,open
87,1,3,3,9,2,QB-009-03-W02,2026-03-28,2026-03-22,2026-03-28,2880,2880,6.47,6.47,18633.6,open
88,1,7,7,9,2,QB-009-07-W02,2026-03-28,2026-03-22,2026-03-28,67,67,937.94,937.94,62841.98,open
89,1,6,6,9,2,QB-009-06-W02,2026-03-28,2026-03-22,2026-03-28,185,185,39.06,39.06,7226.1,open
90,1,9,9,9,2,QB-009-09-W02,2026-03-28,2026-03-22,2026-03-28,22,22,298.29,298.29,6562.38,open
91,1,2,2,10,2,QB-010-02-W01,2026-03-21,2026-03-15,2026-03-21,2809,2809,39.89,39.89,112051.01,open
92,1,3,3,10,2,QB-010-03-W01,2026-03-21,2026-03-15,2026-03-21,3670,3670,6.47,6.47,23744.9,open
93,1,8,8,10,2,QB-010-08-W01,2026-03-21,2026-03-15,2026-03-21,69,69,1088.48,1088.48,75105.12,open
94,1,5,5,10,2,QB-010-05-W01,2026-03-21,2026-03-15,2026-03-21,120,120,34.29,34.29,4114.8,open
95,1,10,10,10,2,QB-010-10-W01,2026-03-21,2026-03-15,2026-03-21,24,24,240.82,240.82,5779.68,open
96,1,2,2,10,2,QB-010-02-W02,2026-03-28,2026-03-22,2026-03-28,3161,3161,39.89,39.89,126092.29,open
97,1,4,4,10,2,QB-010-04-W02,2026-03-28,2026-03-22,2026-03-28,3676,3676,6.98,6.98,25658.48,open
98,1,8,8,10,2,QB-010-08-W02,2026-03-28,2026-03-22,2026-03-28,88,77,1088.48,1088.48,95786.24,open
99,1,6,6,10,2,QB-010-06-W02,2026-03-28,2026-03-22,2026-03-28,141,141,39.06,39.06,5507.46,open
100,1,9,9,10,2,QB-010-09-W02,2026-03-28,2026-03-22,2026-03-28,33,33,298.29,298.29,9843.57,open
101,1,1,1,11,2,QB-011-01-W01,2026-03-21,2026-03-15,2026-03-21,1164,1164,35.74,35.74,41601.36,open
102,1,4,4,11,2,QB-011-04-W01,2026-03-21,2026-03-15,2026-03-21,1411,1411,6.98,6.98,9848.78,open
103,1,7,7,11,2,QB-011-07-W01,2026-03-21,2026-03-15,2026-03-21,70,66,937.94,937.94,65655.8,open
104,1,6,6,11,2,QB-011-06-W01,2026-03-21,2026-03-15,2026-03-21,93,93,39.06,39.06,3632.58,open
105,1,10,10,11,2,QB-011-10-W01,2026-03-21,2026-03-15,2026-03-21,35,35,240.82,240.82,8428.7,open
106,1,1,1,11,2,QB-011-01-W02,2026-03-28,2026-03-22,2026-03-28,1052,1052,35.74,35.74,37598.48,open
107,1,3,3,11,2,QB-011-03-W02,2026-03-28,2026-03-22,2026-03-28,1343,1343,6.47,6.47,8689.21,open
108,1,7,7,11,2,QB-011-07-W02,2026-03-28,2026-03-22,2026-03-28,51,51,937.94,937.94,47834.94,open
109,1,6,6,11,2,QB-011-06-W02,2026-03-28,2026-03-22,2026-03-28,171,171,39.06,39.06,6679.26,open
110,1,10,10,11,2,QB-011-10-W02,2026-03-28,2026-03-22,2026-03-28,20,20,240.82,240.82,4816.4,open
111,1,2,2,12,2,QB-012-02-W01,2026-03-21,2026-03-15,2026-03-21,1932,1932,39.89,39.89,77067.48,open
112,1,3,3,12,2,QB-012-03-W01,2026-03-21,2026-03-15,2026-03-21,2531,2531,6.47,6.47,16375.57,open
113,1,8,8,12,2,QB-012-08-W01,2026-03-21,2026-03-15,2026-03-21,75,75,1088.48,1088.48,81636.0,open
114,1,5,5,12,2,QB-012-05-W01,2026-03-21,2026-03-15,2026-03-21,173,173,34.29,34.29,5932.17,open
115,1,10,10,12,2,QB-012-10-W01,2026-03-21,2026-03-15,2026-03-21,34,34,240.82,240.82,8187.88,open
116,1,1,1,12,2,QB-012-01-W02,2026-03-28,2026-03-22,2026-03-28,2409,2136,35.74,35.74,86097.66,open
117,1,3,3,12,2,QB-012-03-W02,2026-03-28,2026-03-22,2026-03-28,2788,2788,6.47,6.47,18038.36,open
118,1,7,7,12,2,QB-012-07-W02,2026-03-28,2026-03-22,2026-03-28,52,52,937.94,937.94,48772.88,open
119,1,5,5,12,2,QB-012-05-W02,2026-03-28,2026-03-22,2026-03-28,162,162,34.29,34.29,5554.98,open
120,1,9,9,12,2,QB-012-09-W02,2026-03-28,2026-03-22,2026-03-28,40,40,298.29,298.29,11931.6,open
121,1,1,1,13,2,QB-013-01-W01,2026-03-21,2026-03-15,2026-03-21,2034,1923,35.74,35.74,72695.16,open
122,1,4,4,13,2,QB-013-04-W01,2026-03-21,2026-03-15,2026-03-21,2470,2470,6.98,6.98,17240.6,open
123,1,7,7,13,2,QB-013-07-W01,2026-03-21,2026-03-15,2026-03-21,51,47,937.94,937.94,47834.94,open
124,1,5,5,13,2,QB-013-05-W01,2026-03-21,2026-03-15,2026-03-21,142,142,34.29,34.29,4869.18,open
125,1,10,10,13,2,QB-013-10-W01,2026-03-21,2026-03-15,2026-03-21,24,24,240.82,240.82,5779.68,open
126,1,1,1,13,2,QB-013-01-W02,2026-03-28,2026-03-22,2026-03-28,2097,2097,35.74,35.74,74946.78,open
127,1,3,3,13,2,QB-013-03-W02,2026-03-28,2026-03-22,2026-03-28,2604,2604,6.47,6.47,16847.88,open
128,1,7,7,13,2,QB-013-07-W02,2026-03-28,2026-03-22,2026-03-28,71,71,937.94,937.94,66593.74,open
129,1,5,5,13,2,QB-013-05-W02,2026-03-28,2026-03-22,2026-03-28,182,182,34.29,34.29,6240.78,open
130,1,10,10,13,2,QB-013-10-W02,2026-03-28,2026-03-22,2026-03-28,36,36,240.82,240.82,8669.52,open
131,1,2,2,14,2,QB-014-02-W01,2026-03-21,2026-03-15,2026-03-21,2007,2007,39.89,39.89,80059.23,open
132,1,4,4,14,2,QB-014-04-W01,2026-03-21,2026-03-15,2026-03-21,2433,2433,6.98,6.98,16982.34,open
133,1,7,7,14,2,QB-014-07-W01,2026-03-21,2026-03-15,2026-03-21,59,59,937.94,937.94,55338.46,open
134,1,5,5,14,2,QB-014-05-W01,2026-03-21,2026-03-15,2026-03-21,114,114,34.29,34.29,3909.06,open
135,1,9,9,14,2,QB-014-09-W01,2026-03-21,2026-03-15,2026-03-21,30,30,298.29,298.29,8948.7,open
136,1,1,1,14,2,QB-014-01-W02,2026-03-28,2026-03-22,2026-03-28,1791,1791,35.74,35.74,64010.34,open
137,1,4,4,14,2,QB-014-04-W02,2026-03-28,2026-03-22,2026-03-28,2185,2185,6.98,6.98,15251.3,open
138,1,8,8,14,2,QB-014-08-W02,2026-03-28,2026-03-22,2026-03-28,55,55,1088.48,1088.48,59866.4,open
139,1,6,6,14,2,QB-014-06-W02,2026-03-28,2026-03-22,2026-03-28,146,146,39.06,39.06,5702.76,open
140,1,9,9,14,2,QB-014-09-W02,2026-03-28,2026-03-22,2026-03-28,33,33,298.29,298.29,9843.57,open
141,1,1,1,15,3,QB-015-01-W01,2026-03-21,2026-03-15,2026-03-21,1726,1726,35.74,35.74,61687.24,open
142,1,3,3,15,3,QB-015-03-W01,2026-03-21,2026-03-15,2026-03-21,2124,2124,6.47,6.47,13742.28,open
143,1,8,8,15,3,QB-015-08-W01,2026-03-21,2026-03-15,2026-03-21,56,52,1088.48,1088.48,60954.88,open
144,1,5,5,15,3,QB-015-05-W01,2026-03-21,2026-03-15,2026-03-21,160,160,34.29,34.29,5486.4,open
145,1,10,10,15,3,QB-015-10-W01,2026-03-21,2026-03-15,2026-03-21,22,22,240.82,240.82,5298.04,open
146,1,2,2,15,3,QB-015-02-W02,2026-03-28,2026-03-22,2026-03-28,1850,1633,39.89,39.89,73796.5,open
147,1,3,3,15,3,QB-015-03-W02,2026-03-28,2026-03-22,2026-03-28,2077,2077,7.03,6.47,14601.31,open
148,1,8,8,15,3,QB-015-08-W02,2026-03-28,2026-03-22,2026-03-28,59,59,1088.48,1088.48,64220.32,open
149,1,5,5,15,3,QB-015-05-W02,2026-03-28,2026-03-22,2026-03-28,124,124,34.29,34.29,4251.96,open
150,1,9,9,15,3,QB-015-09-W02,2026-03-28,2026-03-22,2026-03-28,21,21,298.29,298.29,6264.09,open
151,1,1,1,16,3,QB-016-01-W01,2026-03-21,2026-03-15,2026-03-21,1576,1576,35.74,35.74,56326.24,open
152,1,4,4,16,3,QB-016-04-W01,2026-03-21,2026-03-15,2026-03-21,1765,1765,6.98,6.98,12319.7,open
153,1,8,8,16,3,QB-016-08-W01,2026-03-21,2026-03-15,2026-03-21,52,52,1088.48,1088.48,56600.96,open
154,1,6,6,16,3,QB-016-06-W01,2026-03-21,2026-03-15,2026-03-21,117,117,39.06,39.06,4570.02,open
155,1,9,9,16,3,QB-016-09-W01,2026-03-21,2026-03-15,2026-03-21,29,29,298.29,298.29,8650.41,open
156,1,2,2,16,3,QB-016-02-W02,2026-03-28,2026-03-22,2026-03-28,1630,1507,39.89,39.89,65020.7,open
157,1,3,3,16,3,QB-016-03-W02,2026-03-28,2026-03-22,2026-03-28,1716,1716,6.47,6.47,11102.52,open
158,1,7,7,16,3,QB-016-07-W02,2026-03-28,2026-03-22,2026-03-28,50,50,937.94,937.94,46897.0,open
159,1,5,5,16,3,QB-016-05-W02,2026-03-28,2026-03-22,2026-03-28,115,115,34.29,34.29,3943.35,open
160,1,9,9,16,3,QB-016-09-W02,2026-03-28,2026-03-22,2026-03-28,21,21,298.29,298.29,6264.09,open
161,1,2,2,17,3,QB-017-02-W01,2026-03-21,2026-03-15,2026-03-21,1889,1889,39.89,39.89,75352.21,open
162,1,4,4,17,3,QB-017-04-W01,2026-03-21,2026-03-15,2026-03-21,2300,2300,6.98,6.98,16054.0,open
163,1,7,7,17,3,QB-017-07-W01,2026-03-21,2026-03-15,2026-03-21,51,51,937.94,937.94,47834.94,open
164,1,6,6,17,3,QB-017-06-W01,2026-03-21,2026-03-15,2026-03-21,205,205,39.06,39.06,8007.3,open
165,1,9,9,17,3,QB-017-09-W01,2026-03-21,2026-03-15,2026-03-21,33,33,298.29,298.29,9843.57,open
166,1,2,2,17,3,QB-017-02-W02,2026-03-28,2026-03-22,2026-03-28,1701,1701,39.89,39.89,67852.89,open
167,1,4,4,17,3,QB-017-04-W02,2026-03-28,2026-03-22,2026-03-28,2293,2293,6.98,6.98,16005.14,open
168,1,7,7,17,3,QB-017-07-W02,2026-03-28,2026-03-22,2026-03-28,76,76,937.94,937.94,71283.44,open
169,1,5,5,17,3,QB-017-05-W02,2026-03-28,2026-03-22,2026-03-28,153,153,34.29,34.29,5246.37,open
170,1,9,9,17,3,QB-017-09-W02,2026-03-28,2026-03-22,2026-03-28,32,32,298.29,298.29,9545.28,open
171,1,1,1,18,3,QB-018-01-W01,2026-03-21,2026-03-15,2026-03-21,1013,1013,35.74,35.74,36204.62,open
172,1,4,4,18,3,QB-018-04-W01,2026-03-21,2026-03-15,2026-03-21,1367,1367,6.98,6.98,9541.66,open
173,1,8,8,18,3,QB-018-08-W01,2026-03-21,2026-03-15,2026-03-21,68,68,1245.39,1088.48,84686.52,open
174,1,5,5,18,3,QB-018-05-W01,2026-03-21,2026-03-15,2026-03-21,177,177,34.29,34.29,6069.33,open
175,1,10,10,18,3,QB-018-10-W01,2026-03-21,2026-03-15,2026-03-21,31,31,240.82,240.82,7465.42,open
176,1,1,1,18,3,QB-018-01-W02,2026-03-28,2026-03-22,2026-03-28,1062,1062,35.74,35.74,37955.88,open
177,1,3,3,18,3,QB-018-03-W02,2026-03-28,2026-03-22,2026-03-28,1277,1277,6.47,6.47,8262.19,open
178,1,7,7,18,3,QB-018-07-W02,2026-03-28,2026-03-22,2026-03-28,39,39,937.94,937.94,36579.66,open
179,1,6,6,18,3,QB-018-06-W02,2026-03-28,2026-03-22,2026-03-28,140,140,39.06,39.06,5468.4,open
180,1,9,9,18,3,QB-018-09-W02,2026-03-28,2026-03-22,2026-03-28,22,22,298.29,298.29,6562.38,open
181,1,1,1,19,3,QB-019-01-W01,2026-03-21,2026-03-15,2026-03-21,2066,2066,35.74,35.74,73838.84,open
182,1,4,4,19,3,QB-019-04-W01,2026-03-21,2026-03-15,2026-03-21,2359,2359,7.81,6.98,18423.79,open
183,1,8,8,19,3,QB-019-08-W01,2026-03-21,2026-03-15,2026-03-21,48,48,1286.22,1088.48,61738.56,open
184,1,6,6,19,3,QB-019-06-W01,2026-03-21,2026-03-15,2026-03-21,166,166,39.06,39.06,6483.96,open
185,1,10,10,19,3,QB-019-10-W01,2026-03-21,2026-03-15,2026-03-21,36,36,240.82,240.82,8669.52,open
186,1,1,1,19,3,QB-019-01-W02,2026-03-28,2026-03-22,2026-03-28,1755,1755,35.74,35.74,62723.7,open
187,1,4,4,19,3,QB-019-04-W02,2026-03-28,2026-03-22,2026-03-28,2355,2355,6.98,6.98,16437.9,open
188,1,7,7,19,3,QB-019-07-W02,2026-03-28,2026-03-22,2026-03-28,63,63,937.94,937.94,59090.22,open
189,1,5,5,19,3,QB-019-05-W02,2026-03-28,2026-03-22,2026-03-28,128,128,34.29,34.29,4389.12,open
190,1,10,10,19,3,QB-019-10-W02,2026-03-28,2026-03-22,2026-03-28,40,40,240.82,240.82,9632.8,open
191,1,2,2,20,3,QB-020-02-W01,2026-03-21,2026-03-15,2026-03-21,747,747,39.89,39.89,29797.83,open
192,1,3,3,20,3,QB-020-03-W01,2026-03-21,2026-03-15,2026-03-21,923,923,6.47,6.47,5971.81,open
193,1,7,7,20,3,QB-020-07-W01,2026-03-21,2026-03-15,2026-03-21,41,41,937.94,937.94,38455.54,open
194,1,6,6,20,3,QB-020-06-W01,2026-03-21,2026-03-15,2026-03-21,164,164,39.06,39.06,6405.84,open
195,1,10,10,20,3,QB-020-10-W01,2026-03-21,2026-03-15,2026-03-21,26,26,240.82,240.82,6261.32,open
196,1,2,2,20,3,QB-020-02-W02,2026-03-28,2026-03-22,2026-03-28,792,792,39.89,39.89,31592.88,open
197,1,3,3,20,3,QB-020-03-W02,2026-03-28,2026-03-22,2026-03-28,1013,1013,6.47,6.47,6554.11,open
198,1,8,8,20,3,QB-020-08-W02,2026-03-28,2026-03-22,2026-03-28,44,44,1088.48,1088.48,47893.12,open
199,1,5,5,20,3,QB-020-05-W02,2026-03-28,2026-03-22,2026-03-28,92,92,34.29,34.29,3154.68,open
200,1,9,9,20,3,QB-020-09-W02,2026-03-28,2026-03-22,2026-03-28,37,37,298.29,298.29,11036.73,open
201,1,1,1,21,4,QB-021-01-W01,2026-03-21,2026-03-15,2026-03-21,2184,2184,35.74,35.74,78056.16,open
202,1,3,3,21,4,QB-021-03-W01,2026-03-21,2026-03-15,2026-03-21,2763,2763,6.47,6.47,17876.61,open
203,1,8,8,21,4,QB-021-08-W01,2026-03-21,2026-03-15,2026-03-21,70,70,1088.48,1088.48,76193.6,open
204,1,6,6,21,4,QB-021-06-W01,2026-03-21,2026-03-15,2026-03-21,167,167,39.06,39.06,6523.02,open
205,1,10,10,21,4,QB-021-10-W01,2026-03-21,2026-03-15,2026-03-21,32,32,240.82,240.82,7706.24,open
206,1,2,2,21,4,QB-021-02-W02,2026-03-28,2026-03-22,2026-03-28,2042,2042,39.89,39.89,81455.38,open
207,1,4,4,21,4,QB-021-04-W02,2026-03-28,2026-03-22,2026-03-28,2707,2707,6.98,6.98,18894.86,open
208,1,7,7,21,4,QB-021-07-W02,2026-03-28,2026-03-22,2026-03-28,65,65,937.94,937.94,60966.1,open
209,1,6,6,21,4,QB-021-06-W02,2026-03-28,2026-03-22,2026-03-28,102,102,39.06,39.06,3984.12,open
210,1,9,9,21,4,QB-021-09-W02,2026-03-28,2026-03-22,2026-03-28,30,30,298.29,298.29,8948.7,open
211,1,1,1,22,4,QB-022-01-W01,2026-03-21,2026-03-15,2026-03-21,1716,1716,35.74,35.74,61329.84,open
212,1,3,3,22,4,QB-022-03-W01,2026-03-21,2026-03-15,2026-03-21,2069,2069,6.47,6.47,13386.43,open
213,1,8,8,22,4,QB-022-08-W01,2026-03-21,2026-03-15,2026-03-21,69,69,1088.48,1088.48,75105.12,open
214,1,5,5,22,4,QB-022-05-W01,2026-03-21,2026-03-15,2026-03-21,109,109,34.29,34.29,3737.61,open
215,1,10,10,22,4,QB-022-10-W01,2026-03-21,2026-03-15,2026-03-21,24,24,240.82,240.82,5779.68,open
216,1,1,1,22,4,QB-022-01-W02,2026-03-28,2026-03-22,2026-03-28,1758,1758,35.74,35.74,62830.92,open
217,1,3,3,22,4,QB-022-03-W02,2026-03-28,2026-03-22,2026-03-28,2251,2251,6.47,6.47,14563.97,open
218,1,7,7,22,4,QB-022-07-W02,2026-03-28,2026-03-22,2026-03-28,63,63,937.94,937.94,59090.22,open
219,1,6,6,22,4,QB-022-06-W02,2026-03-28,2026-03-22,2026-03-28,140,140,39.06,39.06,5468.4,open
220,1,10,10,22,4,QB-022-10-W02,2026-03-28,2026-03-22,2026-03-28,30,30,240.82,240.82,7224.6,open
221,1,2,2,23,4,QB-023-02-W01,2026-03-21,2026-03-15,2026-03-21,1250,1250,39.89,39.89,49862.5,open
222,1,3,3,23,4,QB-023-03-W01,2026-03-21,2026-03-15,2026-03-21,1444,1444,6.47,6.47,9342.68,open
223,1,7,7,23,4,QB-023-07-W01,2026-03-21,2026-03-15,2026-03-21,39,39,937.94,937.94,36579.66,open
224,1,5,5,23,4,QB-023-05-W01,2026-03-21,2026-03-15,2026-03-21,212,212,34.29,34.29,7269.48,open
225,1,10,10,23,4,QB-023-10-W01,2026-03-21,2026-03-15,2026-03-21,32,32,240.82,240.82,7706.24,open
226,1,1,1,23,4,QB-023-01-W02,2026-03-28,2026-03-22,2026-03-28,988,988,35.74,35.74,35311.12,open
227,1,4,4,23,4,QB-023-04-W02,2026-03-28,2026-03-22,2026-03-28,1173,1173,6.98,6.98,8187.54,open
228,1,7,7,23,4,QB-023-07-W02,2026-03-28,2026-03-22,2026-03-28,59,59,937.94,937.94,55338.46,open
229,1,5,5,23,4,QB-023-05-W02,2026-03-28,2026-03-22,2026-03-28,204,204,34.29,34.29,6995.16,open
230,1,10,10,23,4,QB-023-10-W02,2026-03-28,2026-03-22,2026-03-28,28,28,240.82,240.82,6742.96,open
231,1,1,1,24,4,QB-024-01-W01,2026-03-21,2026-03-15,2026-03-21,2503,2365,35.74,35.74,89457.22,open
232,1,4,4,24,4,QB-024-04-W01,2026-03-21,2026-03-15,2026-03-21,3014,3014,6.98,6.98,21037.72,open
233,1,8,8,24,4,QB-024-08-W01,2026-03-21,2026-03-15,2026-03-21,49,49,1088.48,1088.48,53335.52,open
234,1,6,6,24,4,QB-024-06-W01,2026-03-21,2026-03-15,2026-03-21,133,133,39.06,39.06,5194.98,open
235,1,9,9,24,4,QB-024-09-W01,2026-03-21,2026-03-15,2026-03-21,33,33,298.29,298.29,9843.57,open
236,1,2,2,24,4,QB-024-02-W02,2026-03-28,2026-03-22,2026-03-28,2491,2491,39.89,39.89,99365.99,open
237,1,4,4,24,4,QB-024-04-W02,2026-03-28,2026-03-22,2026-03-28,2881,2881,6.98,6.98,20109.38,open
238,1,8,8,24,4,QB-024-08-W02,2026-03-28,2026-03-22,2026-03-28,71,71,1088.48,1088.48,77282.08,open
239,1,5,5,24,4,QB-024-05-W02,2026-03-28,2026-03-22,2026-03-28,195,195,34.29,34.29,6686.55,open
240,1,9,9,24,4,QB-024-09-W02,2026-03-28,2026-03-22,2026-03-28,27,27,298.29,298.29,8053.83,open
241,1,2,2,25,4,QB-025-02-W01,2026-03-21,2026-03-15,2026-03-21,1311,1311,39.89,39.89,52295.79,open
242,1,3,3,25,4,QB-025-03-W01,2026-03-21,2026-03-15,2026-03-21,1635,1635,6.47,6.47,10578.45,open
243,1,7,7,25,4,QB-025-07-W01,2026-03-21,2026-03-15,2026-03-21,40,40,937.94,937.94,37517.6,open
244,1,5,5,25,4,QB-025-05-W01,2026-03-21,2026-03-15,2026-03-21,157,157,34.29,34.29,5383.53,open
245,1,10,10,25,4,QB-025-10-W01,2026-03-21,2026-03-15,2026-03-21,21,21,240.82,240.82,5057.22,open
246,1,2,2,25,4,QB-025-02-W02,2026-03-28,2026-03-22,2026-03-28,1290,1290,39.89,39.89,51458.1,open
247,1,4,4,25,4,QB-025-04-W02,2026-03-28,2026-03-22,2026-03-28,1609,1609,6.98,6.98,11230.82,open
248,1,7,7,25,4,QB-025-07-W02,2026-03-28,2026-03-22,2026-03-28,64,64,937.94,937.94,60028.16,open
249,1,6,6,25,4,QB-025-06-W02,2026-03-28,2026-03-22,2026-03-28,149,149,39.06,39.06,5819.94,open
250,1,9,9,25,4,QB-025-09-W02,2026-03-28,2026-03-22,2026-03-28,28,28,298.29,298.29,8352.12,open
251,1,1,1,26,5,QB-026-01-W01,2026-03-21,2026-03-15,2026-03-21,789,789,35.74,35.74,28198.86,open
252,1,3,3,26,5,QB-026-03-W01,2026-03-21,2026-03-15,2026-03-21,965,965,6.47,6.47,6243.55,open
253,1,7,7,26,5,QB-026-07-W01,2026-03-21,2026-03-15,2026-03-21,53,53,937.94,937.94,49710.82,open
254,1,5,5,26,5,QB-026-05-W01,2026-03-21,2026-03-15,2026-03-21,106,106,34.29,34.29,3634.74,open
255,1,9,9,26,5,QB-026-09-W01,2026-03-21,2026-03-15,2026-03-21,44,44,298.29,298.29,13124.76,open
256,1,2,2,26,5,QB-026-02-W02,2026-03-28,2026-03-22,2026-03-28,936,866,39.89,39.89,37337.04,open
257,1,3,3,26,5,QB-026-03-W02,2026-03-28,2026-03-22,2026-03-28,1090,1090,6.47,6.47,7052.3,open
258,1,8,8,26,5,QB-026-08-W02,2026-03-28,2026-03-22,2026-03-28,43,43,1088.48,1088.48,46804.64,open
259,1,6,6,26,5,QB-026-06-W02,2026-03-28,2026-03-22,2026-03-28,198,198,39.06,39.06,7733.88,open
260,1,10,10,26,5,QB-026-10-W02,2026-03-28,2026-03-22,2026-03-28,38,38,240.82,240.82,9151.16,open
261,1,2,2,27,5,QB-027-02-W01,2026-03-21,2026-03-15,2026-03-21,1594,1594,39.89,39.89,63584.66,open
262,1,4,4,27,5,QB-027-04-W01,2026-03-21,2026-03-15,2026-03-21,1944,1944,8.2,6.98,15940.8,open
263,1,8,8,27,5,QB-027-08-W01,2026-03-21,2026-03-15,2026-03-21,75,75,1088.48,1088.48,81636.0,open
264,1,6,6,27,5,QB-027-06-W01,2026-03-21,2026-03-15,2026-03-21,135,135,39.06,39.06,5273.1,open
265,1,10,10,27,5,QB-027-10-W01,2026-03-21,2026-03-15,2026-03-21,42,42,240.82,240.82,10114.44,open
266,1,2,2,27,5,QB-027-02-W02,2026-03-28,2026-03-22,2026-03-28,1710,1710,39.89,39.89,68211.9,open
267,1,3,3,27,5,QB-027-03-W02,2026-03-28,2026-03-22,2026-03-28,2020,2020,6.47,6.47,13069.4,open
268,1,8,8,27,5,QB-027-08-W02,2026-03-28,2026-03-22,2026-03-28,78,78,1088.48,1088.48,84901.44,open
269,1,6,6,27,5,QB-027-06-W02,2026-03-28,2026-03-22,2026-03-28,201,201,39.06,39.06,7851.06,open
270,1,10,10,27,5,QB-027-10-W02,2026-03-28,2026-03-22,2026-03-28,22,22,240.82,240.82,5298.04,open
271,1,1,1,28,5,QB-028-01-W01,2026-03-21,2026-03-15,2026-03-21,1333,1333,35.74,35.74,47641.42,open
272,1,3,3,28,5,QB-028-03-W01,2026-03-21,2026-03-15,2026-03-21,1646,1646,6.47,6.47,10649.62,open
273,1,7,7,28,5,QB-028-07-W01,2026-03-21,2026-03-15,2026-03-21,57,57,1072.31,937.94,61121.67,open
274,1,6,6,28,5,QB-028-06-W01,2026-03-21,2026-03-15,2026-03-21,103,103,39.06,39.06,4023.18,open
275,1,9,9,28,5,QB-028-09-W01,2026-03-21,2026-03-15,2026-03-21,30,30,298.29,298.29,8948.7,open
276,1,2,2,28,5,QB-028-02-W02,2026-03-28,2026-03-22,2026-03-28,1268,1268,39.89,39.89,50580.52,open
277,1,4,4,28,5,QB-028-04-W02,2026-03-28,2026-03-22,2026-03-28,1631,1631,6.98,6.98,11384.38,open
278,1,8,8,28,5,QB-028-08-W02,2026-03-28,2026-03-22,2026-03-28,41,41,1088.48,1088.48,44627.68,open
279,1,6,6,28,5,QB-028-06-W02,2026-03-28,2026-03-22,2026-03-28,104,104,39.06,39.06,4062.24,open
280,1,9,9,28,5,QB-028-09-W02,2026-03-28,2026-03-22,2026-03-28,31,31,298.29,298.29,9246.99,open
281,1,1,1,29,5,QB-029-01-W01,2026-03-21,2026-03-15,2026-03-21,1182,1182,35.74,35.74,42244.68,open
282,1,3,3,29,5,QB-029-03-W01,2026-03-21,2026-03-15,2026-03-21,1632,1632,6.47,6.47,10559.04,open
283,1,8,8,29,5,QB-029-08-W01,2026-03-21,2026-03-15,2026-03-21,69,61,1088.48,1088.48,75105.12,open
284,1,6,6,29,5,QB-029-06-W01,2026-03-21,2026-03-15,2026-03-21,162,162,39.06,39.06,6327.72,open
285,1,10,10,29,5,QB-029-10-W01,2026-03-21,2026-03-15,2026-03-21,21,21,240.82,240.82,5057.22,open
286,1,1,1,29,5,QB-029-01-W02,2026-03-28,2026-03-22,2026-03-28,1443,1443,35.74,35.74,51572.82,open
287,1,4,4,29,5,QB-029-04-W02,2026-03-28,2026-03-22,2026-03-28,1625,1625,6.98,6.98,11342.5,open
288,1,7,7,29,5,QB-029-07-W02,2026-03-28,2026-03-22,2026-03-28,65,65,937.94,937.94,60966.1,open
289,1,6,6,29,5,QB-029-06-W02,2026-03-28,2026-03-22,2026-03-28,131,131,39.06,39.06,5116.86,open
290,1,9,9,29,5,QB-029-09-W02,2026-03-28,2026-03-22,2026-03-28,19,19,298.29,298.29,5667.51,open
291,1,2,2,30,5,QB-030-02-W01,2026-03-21,2026-03-15,2026-03-21,1181,1181,39.89,39.89,47110.09,open
292,1,4,4,30,5,QB-030-04-W01,2026-03-21,2026-03-15,2026-03-21,1334,1334,7.57,6.98,10098.38,open
293,1,8,8,30,5,QB-030-08-W01,2026-03-21,2026-03-15,2026-03-21,78,78,1088.48,1088.48,84901.44,open
294,1,6,6,30,5,QB-030-06-W01,2026-03-21,2026-03-15,2026-03-21,103,103,39.06,39.06,4023.18,open
295,1,10,10,30,5,QB-030-10-W01,2026-03-21,2026-03-15,2026-03-21,27,27,240.82,240.82,6502.14,open
296,1,2,2,30,5,QB-030-02-W02,2026-03-28,2026-03-22,2026-03-28,1131,1131,39.89,39.89,45115.59,open
297,1,4,4,30,5,QB-030-04-W02,2026-03-28,2026-03-22,2026-03-28,1289,1289,7.8,6.98,10054.2,open
298,1,8,8,30,5,QB-030-08-W02,2026-03-28,2026-03-22,2026-03-28,53,53,1088.48,1088.48,57689.44,open
299,1,6,6,30,5,QB-030-06-W02,2026-03-28,2026-03-22,2026-03-28,190,190,39.06,39.06,7421.4,open
300,1,9,9,30,5,QB-030-09-W02,2026-03-28,2026-03-22,2026-03-28,29,29,298.29,298.29,8650.41,open
301,1,2,2,31,6,QB-031-02-W01,2026-03-21,2026-03-15,2026-03-21,2214,2214,39.89,39.89,88316.46,open
302,1,4,4,31,6,QB-031-04-W01,2026-03-21,2026-03-15,2026-03-21,2938,2938,6.98,6.98,20507.24,open
303,1,8,8,31,6,QB-031-08-W01,2026-03-21,2026-03-15,2026-03-21,51,51,1088.48,1088.48,55512.48,open
304,1,6,6,31,6,QB-031-06-W01,2026-03-21,2026-03-15,2026-03-21,131,131,39.06,39.06,5116.86,open
305,1,9,9,31,6,QB-031-09-W01,2026-03-21,2026-03-15,2026-03-21,44,44,298.29,298.29,13124.76,open
306,1,1,1,31,6,QB-031-01-W02,2026-03-28,2026-03-22,2026-03-28,2531,2531,35.74,35.74,90457.94,open
307,1,3,3,31,6,QB-031-03-W02,2026-03-28,2026-03-22,2026-03-28,2917,2917,6.47,6.47,18872.99,open
308,1,8,8,31,6,QB-031-08-W02,2026-03-28,2026-03-22,2026-03-28,41,41,1088.48,1088.48,44627.68,open
309,1,5,5,31,6,QB-031-05-W02,2026-03-28,2026-03-22,2026-03-28,153,153,34.29,34.29,5246.37,open
310,1,9,9,31,6,QB-031-09-W02,2026-03-28,2026-03-22,2026-03-28,43,43,298.29,298.29,12826.47,open
311,1,2,2,32,6,QB-032-02-W01,2026-03-21,2026-03-15,2026-03-21,1786,1786,39.89,39.89,71243.54,open
312,1,4,4,32,6,QB-032-04-W01,2026-03-21,2026-03-15,2026-03-21,2314,2314,6.98,6.98,16151.72,open
313,1,7,7,32,6,QB-032-07-W01,2026-03-21,2026-03-15,2026-03-21,53,53,937.94,937.94,49710.82,open
314,1,5,5,32,6,QB-032-05-W01,2026-03-21,2026-03-15,2026-03-21,192,192,34.29,34.29,6583.68,open
315,1,10,10,32,6,QB-032-10-W01,2026-03-21,2026-03-15,2026-03-21,38,38,240.82,240.82,9151.16,open
316,1,1,1,32,6,QB-032-01-W02,2026-03-28,2026-03-22,2026-03-28,2398,2179,35.74,35.74,85704.52,open
317,1,3,3,32,6,QB-032-03-W02,2026-03-28,2026-03-22,2026-03-28,2571,2571,6.47,6.47,16634.37,open
318,1,7,7,32,6,QB-032-07-W02,2026-03-28,2026-03-22,2026-03-28,64,62,937.94,937.94,60028.16,open
319,1,6,6,32,6,QB-032-06-W02,2026-03-28,2026-03-22,2026-03-28,193,193,39.06,39.06,7538.58,open
320,1,9,9,32,6,QB-032-09-W02,2026-03-28,2026-03-22,2026-03-28,36,36,298.29,298.29,10738.44,open
321,1,1,1,33,6,QB-033-01-W01,2026-03-21,2026-03-15,2026-03-21,919,919,35.74,35.74,32845.06,open
322,1,4,4,33,6,QB-033-04-W01,2026-03-21,2026-03-15,2026-03-21,1163,1163,6.98,6.98,8117.74,open
323,1,7,7,33,6,QB-033-07-W01,2026-03-21,2026-03-15,2026-03-21,41,41,937.94,937.94,38455.54,open
324,1,6,6,33,6,QB-033-06-W01,2026-03-21,2026-03-15,2026-03-21,207,207,39.06,39.06,8085.42,open
325,1,9,9,33,6,QB-033-09-W01,2026-03-21,2026-03-15,2026-03-21,28,28,298.29,298.29,8352.12,open
326,1,1,1,33,6,QB-033-01-W02,2026-03-28,2026-03-22,2026-03-28,1104,1104,35.74,35.74,39456.96,open
327,1,3,3,33,6,QB-033-03-W02,2026-03-28,2026-03-22,2026-03-28,1268,1268,6.47,6.47,8203.96,open
328,1,7,7,33,6,QB-033-07-W02,2026-03-28,2026-03-22,2026-03-28,66,62,937.94,937.94,61904.04,open
329,1,6,6,33,6,QB-033-06-W02,2026-03-28,2026-03-22,2026-03-28,187,187,39.06,39.06,7304.22,open
330,1,9,9,33,6,QB-033-09-W02,2026-03-28,2026-03-22,2026-03-28,44,44,298.29,298.29,13124.76,open
331,1,1,1,34,6,QB-034-01-W01,2026-03-21,2026-03-15,2026-03-21,1145,1145,35.74,35.74,40922.3,open
332,1,4,4,34,6,QB-034-04-W01,2026-03-21,2026-03-15,2026-03-21,1569,1569,6.98,6.98,10951.62,open
333,1,8,8,34,6,QB-034-08-W01,2026-03-21,2026-03-15,2026-03-21,67,67,1088.48,1088.48,72928.16,open
334,1,5,5,34,6,QB-034-05-W01,2026-03-21,2026-03-15,2026-03-21,138,138,34.29,34.29,4732.02,open
335,1,10,10,34,6,QB-034-10-W01,2026-03-21,2026-03-15,2026-03-21,27,27,240.82,240.82,6502.14,open
336,1,2,2,34,6,QB-034-02-W02,2026-03-28,2026-03-22,2026-03-28,1204,1204,39.89,39.89,48027.56,open
337,1,3,3,34,6,QB-034-03-W02,2026-03-28,2026-03-22,2026-03-28,1381,1381,6.47,6.47,8935.07,open
338,1,8,8,34,6,QB-034-08-W02,2026-03-28,2026-03-22,2026-03-28,52,52,1088.48,1088.48,56600.96,open
339,1,5,5,34,6,QB-034-05-W02,2026-03-28,2026-03-22,2026-03-28,208,208,34.29,34.29,7132.32,open
340,1,9,9,34,6,QB-034-09-W02,2026-03-28,2026-03-22,2026-03-28,26,26,298.29,298.29,7755.54,open
341,1,8,8,34,6,QB-034-08-W02-DUP,2026-03-28,2026-03-22,2026-03-28,52,52,1088.48,1088.48,56600.96,open
342,1,4,4,10,2,QB-010-04-W02-DUP,2026-03-28,2026-03-22,2026-03-28,3676,3676,6.98,6.98,25658.48,open
343,1,3,3,1,1,QB-001-03-W01-DUP,2026-03-21,2026-03-15,2026-03-21,3698,3698,6.47,6.47,23926.06,open
344,1,2,2,4,1,QB-004-02-W02-DUP,2026-03-28,2026-03-22,2026-03-28,2627,2627,39.89,39.89,104791.03,open
345,1,1,1,14,2,QB-014-01-W02-DUP,2026-03-28,2026-03-22,2026-03-28,1791,1791,35.74,35.74,64010.34,open
346,1,8,8,9,2,QB-009-08-W01-DUP,2026-03-21,2026-03-15,2026-03-21,59,59,1088.48,1088.48,64220.32,open
347,1,3,3,18,3,QB-018-03-W02-DUP,2026-03-28,2026-03-22,2026-03-28,1277,1277,6.47,6.47,8262.19,open
348,1,8,8,10,2,QB-010-08-W01-DUP,2026-03-21,2026-03-15,2026-03-21,69,69,1088.48,1088.48,75105.12,open
349,1,2,2,5,1,QB-005-02-W01-DUP,2026-03-21,2026-03-15,2026-03-21,1426,1426,39.89,39.89,56883.14,open
350,1,7,7,13,2,QB-013-07-W02-DUP,2026-03-28,2026-03-22,2026-03-28,71,71,937.94,937.94,66593.74,open
351,1,4,4,29,5,QB-029-04-W02-DUP,2026-03-28,2026-03-22,2026-03-28,1625,1625,6.98,6.98,11342.5,open
352,1,1,1,3,1,QB-003-01-W02-DUP,2026-03-28,2026-03-22,2026-03-28,1664,1664,35.74,35.74,59471.36,open
353,1,2,2,31,6,QB-031-02-W01-DUP,2026-03-21,2026-03-15,2026-03-21,2214,2214,39.89,39.89,88316.46,open
354,1,1,1,13,2,QB-013-01-W02-DUP,2026-03-28,2026-03-22,2026-03-28,2097,2097,35.74,35.74,74946.78,open
