work_item_id,org_id,city_id,store_id,team_id,item_type,priority,opened_at,expected_by,resolved_at,status,estimated_value_inr,backlog_hours,linked_order_id,linked_vendor_id
1,1,3,20,75,delivery_exception,P2,2026-03-27T12:40:00+05:30,2026-03-27T14:40:00+05:30,2026-03-27T15:54:00+05:30,resolved,181.92,0.5,7451,
2,1,3,18,9,customer_escalation,P1,2026-03-27T12:04:00+05:30,2026-03-27T13:04:00+05:30,2026-03-27T13:30:00+05:30,resolved,607.24,0.5,6962,
3,1,3,20,75,delivery_exception,P2,2026-03-27T12:31:00+05:30,2026-03-27T14:31:00+05:30,,open,657.75,0.5,7380,
4,1,1,1,5,customer_escalation,P1,2026-03-28T12:29:00+05:30,2026-03-28T13:29:00+05:30,2026-03-28T13:47:00+05:30,resolved,436.76,0.5,11878,
5,1,3,20,75,delivery_exception,P2,2026-03-27T12:17:00+05:30,2026-03-27T14:17:00+05:30,,open,493.78,0.5,7443,
6,1,5,27,96,delivery_exception,P2,2026-03-28T12:08:00+05:30,2026-03-28T14:08:00+05:30,,open,1139.41,0.5,21024,
7,1,4,22,81,delivery_exception,P2,2026-03-28T12:09:00+05:30,2026-03-28T14:09:00+05:30,,open,580.66,0.5,19563,
8,1,4,22,11,customer_escalation,P1,2026-03-28T12:15:00+05:30,2026-03-28T13:15:00+05:30,2026-03-28T15:59:00+05:30,resolved,327.77,0.5,19540,
9,1,1,5,30,delivery_exception,P2,2026-03-27T12:22:00+05:30,2026-03-27T14:22:00+05:30,2026-03-27T15:11:00+05:30,resolved,631.86,0.5,2109,
10,1,4,22,81,delivery_exception,P2,2026-03-28T12:33:00+05:30,2026-03-28T14:33:00+05:30,2026-03-28T16:32:00+05:30,resolved,1054.58,0.5,19654,
11,1,5,27,96,delivery_exception,P2,2026-03-28T12:11:00+05:30,2026-03-28T14:11:00+05:30,2026-03-28T15:58:00+05:30,resolved,354.53,0.5,20982,
12,1,5,27,96,delivery_exception,P2,2026-03-28T12:40:00+05:30,2026-03-28T14:40:00+05:30,,open,593.17,0.5,21142,
13,1,4,23,84,delivery_exception,P2,2026-03-28T12:08:00+05:30,2026-03-28T14:08:00+05:30,2026-03-28T17:36:00+05:30,resolved,152.78,0.5,19920,
14,1,4,22,81,delivery_exception,P2,2026-03-28T12:34:00+05:30,2026-03-28T14:34:00+05:30,,open,1007.04,0.5,19532,
15,1,4,23,84,delivery_exception,P2,2026-03-28T12:25:00+05:30,2026-03-28T14:25:00+05:30,2026-03-28T15:41:00+05:30,resolved,762.38,0.5,19864,
16,1,5,29,102,delivery_exception,P2,2026-03-28T12:22:00+05:30,2026-03-28T14:22:00+05:30,2026-03-28T17:41:00+05:30,resolved,759.32,0.5,21521,
17,1,4,22,81,delivery_exception,P2,2026-03-28T12:31:00+05:30,2026-03-28T14:31:00+05:30,,open,965.23,0.5,19704,
18,1,3,20,75,delivery_exception,P2,2026-03-27T12:45:00+05:30,2026-03-27T14:45:00+05:30,2026-03-27T17:49:00+05:30,resolved,201.83,0.5,7382,
19,1,1,5,30,delivery_exception,P2,2026-03-27T12:23:00+05:30,2026-03-27T14:23:00+05:30,,open,808.69,0.5,2139,
20,1,4,23,84,delivery_exception,P2,2026-03-28T12:37:00+05:30,2026-03-28T14:37:00+05:30,2026-03-28T15:56:00+05:30,resolved,1391.39,0.5,19820,
21,1,3,20,75,delivery_exception,P2,2026-03-27T12:40:00+05:30,2026-03-27T14:40:00+05:30,2026-03-27T17:48:00+05:30,resolved,213.26,0.5,7415,
22,1,5,27,96,delivery_exception,P2,2026-03-28T12:19:00+05:30,2026-03-28T14:19:00+05:30,,open,944.68,0.5,21065,
23,1,4,23,84,delivery_exception,P2,2026-03-28T12:05:00+05:30,2026-03-28T14:05:00+05:30,2026-03-28T14:51:00+05:30,resolved,1898.99,0.5,19870,
24,1,3,20,75,delivery_exception,P2,2026-03-27T12:10:00+05:30,2026-03-27T14:10:00+05:30,,open,965.1,0.5,7392,
25,1,1,5,30,delivery_exception,P2,2026-03-27T12:19:00+05:30,2026-03-27T14:19:00+05:30,2026-03-27T17:12:00+05:30,resolved,904.76,0.5,2128,
26,1,5,29,102,delivery_exception,P2,2026-03-28T12:43:00+05:30,2026-03-28T14:43:00+05:30,2026-03-28T16:28:00+05:30,resolved,140.21,0.5,21504,
27,1,1,5,30,delivery_exception,P2,2026-03-27T12:21:00+05:30,2026-03-27T14:21:00+05:30,,open,492.45,0.5,2066,
28,1,6,32,15,customer_escalation,P1,2026-03-28T12:01:00+05:30,2026-03-28T13:01:00+05:30,2026-03-28T15:50:00+05:30,resolved,712.36,0.5,22547,
29,1,5,27,96,delivery_exception,P2,2026-03-28T12:31:00+05:30,2026-03-28T14:31:00+05:30,,open,284.21,0.5,21005,
30,1,5,27,96,delivery_exception,P2,2026-03-28T12:30:00+05:30,2026-03-28T14:30:00+05:30,2026-03-28T17:51:00+05:30,resolved,208.92,0.5,21201,
31,1,1,5,30,delivery_exception,P2,2026-03-27T12:06:00+05:30,2026-03-27T14:06:00+05:30,2026-03-27T15:37:00+05:30,resolved,237.44,0.5,2086,
32,1,4,22,81,delivery_exception,P2,2026-03-28T12:21:00+05:30,2026-03-28T14:21:00+05:30,2026-03-28T14:59:00+05:30,resolved,1061.8,0.5,19451,
33,1,5,29,102,delivery_exception,P2,2026-03-28T12:34:00+05:30,2026-03-28T14:34:00+05:30,2026-03-28T17:35:00+05:30,resolved,496.02,0.5,21736,
34,1,1,5,30,delivery_exception,P2,2026-03-27T12:39:00+05:30,2026-03-27T14:39:00+05:30,,open,444.01,0.5,2027,
35,1,4,22,81,delivery_exception,P2,2026-03-28T12:06:00+05:30,2026-03-28T14:06:00+05:30,2026-03-28T14:51:00+05:30,resolved,358.26,0.5,19519,
36,1,5,29,102,delivery_exception,P2,2026-03-28T12:36:00+05:30,2026-03-28T14:36:00+05:30,,open,84.36,0.5,21457,
37,1,1,5,30,delivery_exception,P2,2026-03-27T12:03:00+05:30,2026-03-27T14:03:00+05:30,,open,366.12,0.5,2064,
38,1,5,27,96,delivery_exception,P2,2026-03-28T12:41:00+05:30,2026-03-28T14:41:00+05:30,2026-03-28T16:28:00+05:30,resolved,456.38,0.5,21133,
39,1,4,22,81,delivery_exception,P2,2026-03-28T12:19:00+05:30,2026-03-28T14:19:00+05:30,,open,352.53,0.5,19447,
40,1,1,5,30,delivery_exception,P2,2026-03-27T12:32:00+05:30,2026-03-27T14:32:00+05:30,,open,275.96,0.5,2068,
41,1,4,22,81,delivery_exception,P2,2026-03-28T12:41:00+05:30,2026-03-28T14:41:00+05:30,2026-03-28T16:27:00+05:30,resolved,560.95,0.5,19644,
42,1,3,20,75,delivery_exception,P2,2026-03-27T12:04:00+05:30,2026-03-27T14:04:00+05:30,2026-03-27T16:59:00+05:30,resolved,582.48,0.5,7366,
43,1,1,5,30,delivery_exception,P2,2026-03-27T12:42:00+05:30,2026-03-27T14:42:00+05:30,,open,962.17,0.5,2075,
44,1,4,22,81,delivery_exception,P2,2026-03-28T12:34:00+05:30,2026-03-28T14:34:00+05:30,,open,150.29,0.5,19421,
45,1,6,32,15,customer_escalation,P1,2026-03-27T12:07:00+05:30,2026-03-27T13:07:00+05:30,,open,466.76,0.5,11197,
46,1,5,27,96,delivery_exception,P2,2026-03-28T12:32:00+05:30,2026-03-28T14:32:00+05:30,,open,803.06,0.5,21114,
47,1,3,20,75,delivery_exception,P2,2026-03-27T12:23:00+05:30,2026-03-27T14:23:00+05:30,,open,342.3,0.5,7427,
48,1,1,4,5,customer_escalation,P1,2026-03-27T12:35:00+05:30,2026-03-27T13:35:00+05:30,2026-03-27T14:49:00+05:30,resolved,674.09,0.5,1504,
49,1,4,22,81,delivery_exception,P2,2026-03-28T12:23:00+05:30,2026-03-28T14:23:00+05:30,2026-03-28T17:01:00+05:30,resolved,161.61,0.5,19733,
50,1,4,22,81,delivery_exception,P2,2026-03-28T12:30:00+05:30,2026-03-28T14:30:00+05:30,,open,347.06,0.5,19649,
51,1,3,20,75,delivery_exception,P2,2026-03-27T12:10:00+05:30,2026-03-27T14:10:00+05:30,2026-03-27T16:36:00+05:30,resolved,393.49,0.5,7439,
52,1,3,20,75,delivery_exception,P2,2026-03-27T12:42:00+05:30,2026-03-27T14:42:00+05:30,2026-03-27T16:07:00+05:30,resolved,266.7,0.5,7434,
53,1,3,20,75,delivery_exception,P2,2026-03-27T12:27:00+05:30,2026-03-27T14:27:00+05:30,,open,595.22,0.5,7461,
54,1,4,22,81,delivery_exception,P2,2026-03-28T12:40:00+05:30,2026-03-28T14:40:00+05:30,2026-03-28T15:51:00+05:30,resolved,338.37,0.5,19681,
55,1,4,22,81,delivery_exception,P2,2026-03-28T12:05:00+05:30,2026-03-28T14:05:00+05:30,2026-03-28T16:14:00+05:30,resolved,504.36,0.5,19724,
56,1,5,27,96,delivery_exception,P2,2026-03-28T12:32:00+05:30,2026-03-28T14:32:00+05:30,,open,497.41,0.5,20901,
57,1,3,20,75,delivery_exception,P2,2026-03-27T12:00:00+05:30,2026-03-27T14:00:00+05:30,,open,278.16,0.5,7404,
58,1,5,29,102,delivery_exception,P2,2026-03-28T12:41:00+05:30,2026-03-28T14:41:00+05:30,2026-03-28T17:17:00+05:30,resolved,452.25,0.5,21705,
59,1,4,22,81,delivery_exception,P2,2026-03-28T12:13:00+05:30,2026-03-28T14:13:00+05:30,2026-03-28T15:18:00+05:30,resolved,1372.48,0.5,19759,
60,1,5,29,102,delivery_exception,P2,2026-03-28T12:43:00+05:30,2026-03-28T14:43:00+05:30,,open,147.64,0.5,21539,
61,1,1,5,30,delivery_exception,P2,2026-03-27T12:27:00+05:30,2026-03-27T14:27:00+05:30,,open,507.03,0.5,1939,
62,1,1,5,30,delivery_exception,P2,2026-03-27T12:02:00+05:30,2026-03-27T14:02:00+05:30,,open,409.34,0.5,2063,
63,1,4,22,81,delivery_exception,P2,2026-03-28T12:10:00+05:30,2026-03-28T14:10:00+05:30,2026-03-28T16:43:00+05:30,resolved,257.76,0.5,19743,
64,1,5,27,13,customer_escalation,P1,2026-03-28T12:42:00+05:30,2026-03-28T13:42:00+05:30,2026-03-28T15:30:00+05:30,resolved,692.64,0.5,20839,
65,1,1,1,5,customer_escalation,P1,2026-03-27T12:16:00+05:30,2026-03-27T13:16:00+05:30,,open,675.65,0.5,576,
66,1,5,29,13,customer_escalation,P1,2026-03-27T12:15:00+05:30,2026-03-27T13:15:00+05:30,2026-03-27T16:43:00+05:30,resolved,142.58,0.5,10112,
67,1,5,29,102,delivery_exception,P2,2026-03-28T12:38:00+05:30,2026-03-28T14:38:00+05:30,,open,231.29,0.5,21478,
68,1,3,20,75,delivery_exception,P2,2026-03-27T12:29:00+05:30,2026-03-27T14:29:00+05:30,2026-03-27T16:32:00+05:30,resolved,535.21,0.5,7452,
69,1,1,5,30,delivery_exception,P2,2026-03-27T12:29:00+05:30,2026-03-27T14:29:00+05:30,,open,299.6,0.5,1900,
70,1,4,22,81,delivery_exception,P2,2026-03-28T12:20:00+05:30,2026-03-28T14:20:00+05:30,,open,105.04,0.5,19665,
71,1,1,3,5,customer_escalation,P1,2026-03-28T12:23:00+05:30,2026-03-28T13:23:00+05:30,2026-03-28T14:12:00+05:30,resolved,370.7,0.5,12535,
72,1,4,22,81,delivery_exception,P2,2026-03-28T12:16:00+05:30,2026-03-28T14:16:00+05:30,2026-03-28T16:29:00+05:30,resolved,508.28,0.5,19446,
73,1,1,1,18,delivery_exception,P2,2026-03-28T12:31:00+05:30,2026-03-28T14:31:00+05:30,,open,581.17,0.5,11946,
74,1,4,22,81,delivery_exception,P2,2026-03-28T12:00:00+05:30,2026-03-28T14:00:00+05:30,2026-03-28T17:27:00+05:30,resolved,333.09,0.5,19521,
75,1,5,29,102,delivery_exception,P2,2026-03-28T12:36:00+05:30,2026-03-28T14:36:00+05:30,2026-03-28T16:33:00+05:30,resolved,362.4,0.5,21611,
76,1,3,20,75,delivery_exception,P2,2026-03-27T12:28:00+05:30,2026-03-27T14:28:00+05:30,2026-03-27T17:31:00+05:30,resolved,184.75,0.5,7369,
77,1,5,27,96,delivery_exception,P2,2026-03-28T12:12:00+05:30,2026-03-28T14:12:00+05:30,2026-03-28T14:50:00+05:30,resolved,483.29,0.5,21097,
78,1,4,22,81,delivery_exception,P2,2026-03-28T12:08:00+05:30,2026-03-28T14:08:00+05:30,,open,1235.58,0.5,19514,
79,1,5,27,96,delivery_exception,P2,2026-03-28T12:42:00+05:30,2026-03-28T14:42:00+05:30,,open,129.51,0.5,20907,
80,1,4,23,84,delivery_exception,P2,2026-03-28T12:45:00+05:30,2026-03-28T14:45:00+05:30,2026-03-28T15:22:00+05:30,resolved,450.75,0.5,19960,
81,1,4,22,81,delivery_exception,P2,2026-03-28T12:36:00+05:30,2026-03-28T14:36:00+05:30,2026-03-28T17:38:00+05:30,resolved,602.51,0.5,19761,
82,1,4,22,81,delivery_exception,P2,2026-03-28T12:02:00+05:30,2026-03-28T14:02:00+05:30,2026-03-28T15:15:00+05:30,resolved,427.17,0.5,19789,
83,1,5,27,96,delivery_exception,P2,2026-03-28T12:33:00+05:30,2026-03-28T14:33:00+05:30,,open,432.92,0.5,21217,
84,1,4,22,81,delivery_exception,P2,2026-03-28T12:05:00+05:30,2026-03-28T14:05:00+05:30,2026-03-28T15:48:00+05:30,resolved,342.83,0.5,19574,
85,1,5,26,13,customer_escalation,P1,2026-03-28T12:21:00+05:30,2026-03-28T13:21:00+05:30,2026-03-28T13:42:00+05:30,resolved,1085.3,0.5,20723,
86,1,5,29,102,delivery_exception,P2,2026-03-28T12:42:00+05:30,2026-03-28T14:42:00+05:30,2026-03-28T16:05:00+05:30,resolved,577.33,0.5,21589,
87,1,3,20,75,delivery_exception,P2,2026-03-27T12:02:00+05:30,2026-03-27T14:02:00+05:30,,open,822.75,0.5,7474,
88,1,1,5,30,delivery_exception,P2,2026-03-27T12:37:00+05:30,2026-03-27T14:37:00+05:30,,open,821.69,0.5,2051,
89,1,4,22,81,delivery_exception,P2,2026-03-28T12:01:00+05:30,2026-03-28T14:01:00+05:30,2026-03-28T16:04:00+05:30,resolved,277.79,0.5,19535,
90,1,5,27,96,delivery_exception,P2,2026-03-28T12:07:00+05:30,2026-03-28T14:07:00+05:30,,open,338.71,0.5,20939,
91,1,4,22,81,delivery_exception,P2,2026-03-28T12:37:00+05:30,2026-03-28T14:37:00+05:30,2026-03-28T16:13:00+05:30,resolved,979.64,0.5,19738,
92,1,4,22,81,delivery_exception,P2,2026-03-28T12:03:00+05:30,2026-03-28T14:03:00+05:30,,open,187.81,0.5,19486,
93,1,4,23,84,delivery_exception,P2,2026-03-28T12:23:00+05:30,2026-03-28T14:23:00+05:30,,open,420.82,0.5,19967,
94,1,4,23,84,delivery_exception,P2,2026-03-28T12:33:00+05:30,2026-03-28T14:33:00+05:30,2026-03-28T16:49:00+05:30,resolved,842.16,0.5,19888,
95,1,5,29,102,delivery_exception,P2,2026-03-28T12:44:00+05:30,2026-03-28T14:44:00+05:30,,open,286.99,0.5,21632,
96,1,2,9,7,customer_escalation,P1,2026-03-28T12:08:00+05:30,2026-03-28T13:08:00+05:30,2026-03-28T15:40:00+05:30,resolved,273.74,0.5,14925,
97,1,4,22,81,delivery_exception,P2,2026-03-28T12:21:00+05:30,2026-03-28T14:21:00+05:30,2026-03-28T16:54:00+05:30,resolved,470.88,0.5,19604,
98,1,2,13,7,customer_escalation,P1,2026-03-27T12:39:00+05:30,2026-03-27T13:39:00+05:30,2026-03-27T16:42:00+05:30,resolved,542.2,0.5,5218,
99,1,5,29,102,delivery_exception,P2,2026-03-28T12:07:00+05:30,2026-03-28T14:07:00+05:30,2026-03-28T17:00:00+05:30,resolved,726.48,0.5,21673,
100,1,4,22,81,delivery_exception,P2,2026-03-28T12:21:00+05:30,2026-03-28T14:21:00+05:30,,open,120.22,0.5,19632,
101,1,3,20,75,delivery_exception,P2,2026-03-27T12:24:00+05:30,2026-03-27T14:24:00+05:30,2026-03-27T17:09:00+05:30,resolved,675.74,0.5,7442,
102,1,3,20,75,delivery_exception,P2,2026-03-27T12:01:00+05:30,2026-03-27T14:01:00+05:30,,open,652.14,0.5,7423,
103,1,2,10,7,customer_escalation,P1,2026-03-28T12:19:00+05:30,2026-03-28T13:19:00+05:30,2026-03-28T14:51:00+05:30,resolved,80.26,0.5,15346,
104,1,4,22,81,delivery_exception,P2,2026-03-28T12:01:00+05:30,2026-03-28T14:01:00+05:30,,open,657.91,0.5,19624,
105,1,4,22,81,delivery_exception,P2,2026-03-28T12:27:00+05:30,2026-03-28T14:27:00+05:30,2026-03-28T17:31:00+05:30,resolved,705.93,0.5,19635,
106,1,5,29,102,delivery_exception,P2,2026-03-28T12:37:00+05:30,2026-03-28T14:37:00+05:30,,open,175.08,0.5,21612,
107,1,3,20,9,customer_escalation,P1,2026-03-27T12:36:00+05:30,2026-03-27T13:36:00+05:30,,open,260.88,0.5,7409,
108,1,5,29,102,delivery_exception,P2,2026-03-28T12:41:00+05:30,2026-03-28T14:41:00+05:30,,open,208.46,0.5,21664,
109,1,5,29,102,delivery_exception,P2,2026-03-28T12:14:00+05:30,2026-03-28T14:14:00+05:30,,open,491.19,0.5,21697,
110,1,1,5,30,delivery_exception,P2,2026-03-27T12:16:00+05:30,2026-03-27T14:16:00+05:30,,open,610.16,0.5,2067,
111,1,4,22,81,delivery_exception,P2,2026-03-28T12:01:00+05:30,2026-03-28T14:01:00+05:30,2026-03-28T17:06:00+05:30,resolved,572.37,0.5,19684,
112,1,4,22,81,delivery_exception,P2,2026-03-28T12:28:00+05:30,2026-03-28T14:28:00+05:30,2026-03-28T15:42:00+05:30,resolved,630.78,0.5,19571,
113,1,4,22,81,delivery_exception,P2,2026-03-28T12:08:00+05:30,2026-03-28T14:08:00+05:30,,open,166.51,0.5,19666,
114,1,4,22,81,delivery_exception,P2,2026-03-28T12:25:00+05:30,2026-03-28T14:25:00+05:30,,open,567.08,0.5,19740,
115,1,5,29,102,delivery_exception,P2,2026-03-28T12:18:00+05:30,2026-03-28T14:18:00+05:30,,open,342.13,0.5,21461,
116,1,4,22,81,delivery_exception,P2,2026-03-28T12:17:00+05:30,2026-03-28T14:17:00+05:30,,open,190.97,0.5,19465,
117,1,5,29,102,delivery_exception,P2,2026-03-28T12:01:00+05:30,2026-03-28T14:01:00+05:30,2026-03-28T14:16:00+05:30,resolved,160.87,0.5,21694,
118,1,2,14,7,customer_escalation,P1,2026-03-27T12:24:00+05:30,2026-03-27T13:24:00+05:30,2026-03-27T14:55:00+05:30,resolved,712.53,0.5,5544,
119,1,1,5,30,delivery_exception,P2,2026-03-27T12:40:00+05:30,2026-03-27T14:40:00+05:30,2026-03-27T16:12:00+05:30,resolved,128.65,0.5,1890,
120,1,1,5,30,delivery_exception,P2,2026-03-27T12:13:00+05:30,2026-03-27T14:13:00+05:30,2026-03-27T17:29:00+05:30,resolved,277.99,0.5,2065,
121,1,4,22,81,delivery_exception,P2,2026-03-28T12:20:00+05:30,2026-03-28T14:20:00+05:30,2026-03-28T15:47:00+05:30,resolved,768.49,0.5,19678,
122,1,4,22,81,delivery_exception,P2,2026-03-28T12:06:00+05:30,2026-03-28T14:06:00+05:30,2026-03-28T15:41:00+05:30,resolved,586.24,0.5,19778,
123,1,5,27,96,delivery_exception,P2,2026-03-28T12:19:00+05:30,2026-03-28T14:19:00+05:30,,open,874.52,0.5,21129,
124,1,5,29,102,delivery_exception,P2,2026-03-28T12:06:00+05:30,2026-03-28T14:06:00+05:30,,open,1166.53,0.5,21494,
125,1,4,22,81,delivery_exception,P2,2026-03-28T12:04:00+05:30,2026-03-28T14:04:00+05:30,2026-03-28T15:53:00+05:30,resolved,849.26,0.5,19599,
126,1,3,20,75,delivery_exception,P2,2026-03-27T12:33:00+05:30,2026-03-27T14:33:00+05:30,2026-03-27T17:39:00+05:30,resolved,308.58,0.5,7420,
127,1,2,13,7,customer_escalation,P1,2026-03-27T12:33:00+05:30,2026-03-27T13:33:00+05:30,,open,1269.4,0.5,5383,
128,1,5,29,102,delivery_exception,P2,2026-03-28T12:34:00+05:30,2026-03-28T14:34:00+05:30,,open,232.61,0.5,21665,
129,1,3,20,75,delivery_exception,P2,2026-03-27T12:45:00+05:30,2026-03-27T14:45:00+05:30,,open,183.31,0.5,7466,
130,1,4,23,84,delivery_exception,P2,2026-03-28T12:20:00+05:30,2026-03-28T14:20:00+05:30,,open,549.99,0.5,19847,
131,1,4,22,81,delivery_exception,P2,2026-03-28T12:35:00+05:30,2026-03-28T14:35:00+05:30,2026-03-28T15:31:00+05:30,resolved,569.88,0.5,19652,
132,1,1,5,30,delivery_exception,P2,2026-03-27T12:08:00+05:30,2026-03-27T14:08:00+05:30,,open,293.21,0.5,1907,
133,1,1,1,5,customer_escalation,P1,2026-03-28T12:39:00+05:30,2026-03-28T13:39:00+05:30,2026-03-28T14:15:00+05:30,resolved,438.24,0.5,11704,
134,1,3,20,75,delivery_exception,P2,2026-03-27T12:09:00+05:30,2026-03-27T14:09:00+05:30,,open,481.76,0.5,7421,
135,1,5,29,102,delivery_exception,P2,2026-03-28T12:32:00+05:30,2026-03-28T14:32:00+05:30,2026-03-28T16:37:00+05:30,resolved,544.87,0.5,21538,
136,1,5,27,96,delivery_exception,P2,2026-03-28T12:28:00+05:30,2026-03-28T14:28:00+05:30,2026-03-28T17:29:00+05:30,resolved,701.13,0.5,20871,
137,1,3,20,75,delivery_exception,P2,2026-03-27T12:07:00+05:30,2026-03-27T14:07:00+05:30,2026-03-27T14:30:00+05:30,resolved,153.33,0.5,7422,
138,1,5,27,96,delivery_exception,P2,2026-03-28T12:17:00+05:30,2026-03-28T14:17:00+05:30,2026-03-28T16:23:00+05:30,resolved,297.12,0.5,20978,
139,1,5,29,102,delivery_exception,P2,2026-03-28T12:18:00+05:30,2026-03-28T14:18:00+05:30,2026-03-28T15:02:00+05:30,resolved,443.69,0.5,21653,
140,1,2,11,7,customer_escalation,P1,2026-03-27T12:41:00+05:30,2026-03-27T13:41:00+05:30,2026-03-27T16:24:00+05:30,resolved,263.02,0.5,4398,
141,1,4,22,81,delivery_exception,P2,2026-03-28T12:06:00+05:30,2026-03-28T14:06:00+05:30,,open,425.12,0.5,19481,
142,1,5,29,102,delivery_exception,P2,2026-03-28T12:03:00+05:30,2026-03-28T14:03:00+05:30,2026-03-28T14:31:00+05:30,resolved,229.06,0.5,21529,
143,1,1,6,5,customer_escalation,P1,2026-03-27T12:21:00+05:30,2026-03-27T13:21:00+05:30,,open,494.15,0.5,2369,
144,1,3,20,75,delivery_exception,P2,2026-03-27T12:30:00+05:30,2026-03-27T14:30:00+05:30,2026-03-27T16:16:00+05:30,resolved,980.08,0.5,7435,
145,1,4,22,81,delivery_exception,P2,2026-03-28T12:25:00+05:30,2026-03-28T14:25:00+05:30,2026-03-28T15:56:00+05:30,resolved,1182.93,0.5,19766,
146,1,5,29,102,delivery_exception,P2,2026-03-28T12:35:00+05:30,2026-03-28T14:35:00+05:30,,open,912.2,0.5,21567,
147,1,3,20,75,delivery_exception,P2,2026-03-27T12:22:00+05:30,2026-03-27T14:22:00+05:30,2026-03-27T16:07:00+05:30,resolved,408.28,0.5,7463,
148,1,2,13,7,customer_escalation,P1,2026-03-27T12:37:00+05:30,2026-03-27T13:37:00+05:30,2026-03-27T17:07:00+05:30,resolved,267.81,0.5,5321,
149,1,1,5,30,delivery_exception,P2,2026-03-27T12:24:00+05:30,2026-03-27T14:24:00+05:30,2026-03-27T15:33:00+05:30,resolved,693.74,0.5,1978,
150,1,4,23,84,delivery_exception,P2,2026-03-28T12:17:00+05:30,2026-03-28T14:17:00+05:30,2026-03-28T17:08:00+05:30,resolved,82.6,0.5,19933,
151,1,1,4,5,customer_escalation,P1,2026-03-28T12:29:00+05:30,2026-03-28T13:29:00+05:30,,open,291.42,0.5,13226,
152,1,5,27,96,delivery_exception,P2,2026-03-28T12:14:00+05:30,2026-03-28T14:14:00+05:30,2026-03-28T15:09:00+05:30,resolved,855.67,0.5,21021,
153,1,5,27,96,delivery_exception,P2,2026-03-28T12:17:00+05:30,2026-03-28T14:17:00+05:30,,open,252.46,0.5,21203,
154,1,3,20,75,delivery_exception,P2,2026-03-27T12:01:00+05:30,2026-03-27T14:01:00+05:30,2026-03-27T15:07:00+05:30,resolved,266.66,0.5,7440,
155,1,4,23,84,delivery_exception,P2,2026-03-28T12:37:00+05:30,2026-03-28T14:37:00+05:30,2026-03-28T17:32:00+05:30,resolved,389.7,0.5,19843,
156,1,4,23,84,delivery_exception,P2,2026-03-28T12:24:00+05:30,2026-03-28T14:24:00+05:30,2026-03-28T17:00:00+05:30,resolved,510.51,0.5,19875,
157,1,1,5,30,delivery_exception,P2,2026-03-27T12:43:00+05:30,2026-03-27T14:43:00+05:30,,open,572.79,0.5,2112,
158,1,3,20,75,delivery_exception,P2,2026-03-27T12:41:00+05:30,2026-03-27T14:41:00+05:30,2026-03-27T15:27:00+05:30,resolved,735.45,0.5,7425,
159,1,1,5,30,delivery_exception,P2,2026-03-27T12:28:00+05:30,2026-03-27T14:28:00+05:30,2026-03-27T17:04:00+05:30,resolved,407.57,0.5,1979,
160,1,4,22,81,delivery_exception,P2,2026-03-28T12:43:00+05:30,2026-03-28T14:43:00+05:30,2026-03-28T15:14:00+05:30,resolved,618.26,0.5,19590,
161,1,4,22,81,delivery_exception,P2,2026-03-28T12:36:00+05:30,2026-03-28T14:36:00+05:30,2026-03-28T17:32:00+05:30,resolved,751.43,0.5,19596,
162,1,5,27,96,delivery_exception,P2,2026-03-28T12:13:00+05:30,2026-03-28T14:13:00+05:30,2026-03-28T14:30:00+05:30,resolved,1353.85,0.5,20896,
163,1,4,22,81,delivery_exception,P2,2026-03-28T12:17:00+05:30,2026-03-28T14:17:00+05:30,2026-03-28T17:31:00+05:30,resolved,570.69,0.5,19445,
164,1,1,5,30,delivery_exception,P2,2026-03-27T12:23:00+05:30,2026-03-27T14:23:00+05:30,,open,527.01,0.5,2140,
165,1,5,29,102,delivery_exception,P2,2026-03-28T12:38:00+05:30,2026-03-28T14:38:00+05:30,,open,469.36,0.5,21704,
166,1,3,20,75,delivery_exception,P2,2026-03-27T12:11:00+05:30,2026-03-27T14:11:00+05:30,,open,122.78,0.5,7467,
167,1,1,5,30,delivery_exception,P2,2026-03-27T12:22:00+05:30,2026-03-27T14:22:00+05:30,2026-03-27T17:42:00+05:30,resolved,379.32,0.5,1916,
168,1,5,27,96,delivery_exception,P2,2026-03-28T12:39:00+05:30,2026-03-28T14:39:00+05:30,2026-03-28T17:17:00+05:30,resolved,334.63,0.5,20986,
169,1,5,27,96,delivery_exception,P2,2026-03-28T12:14:00+05:30,2026-03-28T14:14:00+05:30,,open,68.64,0.5,20840,
170,1,4,22,81,delivery_exception,P2,2026-03-28T12:01:00+05:30,2026-03-28T14:01:00+05:30,,open,822.3,0.5,19735,
171,1,4,22,81,delivery_exception,P2,2026-03-28T12:30:00+05:30,2026-03-28T14:30:00+05:30,2026-03-28T14:42:00+05:30,resolved,485.59,0.5,19467,
172,1,4,22,81,delivery_exception,P2,2026-03-28T12:20:00+05:30,2026-03-28T14:20:00+05:30,2026-03-28T15:16:00+05:30,resolved,784.94,0.5,19543,
173,1,3,20,75,delivery_exception,P2,2026-03-27T12:11:00+05:30,2026-03-27T14:11:00+05:30,2026-03-27T15:05:00+05:30,resolved,672.57,0.5,7438,
174,1,3,20,75,delivery_exception,P2,2026-03-27T12:02:00+05:30,2026-03-27T14:02:00+05:30,,open,450.12,0.5,7456,
175,1,5,29,102,delivery_exception,P2,2026-03-28T12:15:00+05:30,2026-03-28T14:15:00+05:30,,open,512.83,0.5,21511,
176,1,4,23,84,delivery_exception,P2,2026-03-28T12:22:00+05:30,2026-03-28T14:22:00+05:30,,open,333.64,0.5,19971,
177,1,1,5,30,delivery_exception,P2,2026-03-27T12:27:00+05:30,2026-03-27T14:27:00+05:30,,open,182.67,0.5,2015,
178,1,2,13,7,customer_escalation,P1,2026-03-28T12:04:00+05:30,2026-03-28T13:04:00+05:30,2026-03-28T13:36:00+05:30,resolved,889.34,0.5,16543,
179,1,5,27,96,delivery_exception,P2,2026-03-28T12:18:00+05:30,2026-03-28T14:18:00+05:30,,open,888.56,0.5,20932,
180,1,3,20,75,delivery_exception,P2,2026-03-27T12:06:00+05:30,2026-03-27T14:06:00+05:30,2026-03-27T14:27:00+05:30,resolved,884.51,0.5,7428,
181,1,2,10,7,customer_escalation,P1,2026-03-27T12:29:00+05:30,2026-03-27T13:29:00+05:30,,open,563.06,0.5,4232,
182,1,5,27,96,delivery_exception,P2,2026-03-28T12:23:00+05:30,2026-03-28T14:23:00+05:30,,open,641.51,0.5,21249,
183,1,1,7,5,customer_escalation,P1,2026-03-28T12:24:00+05:30,2026-03-28T13:24:00+05:30,2026-03-28T16:48:00+05:30,resolved,893.62,0.5,14355,
184,1,5,27,96,delivery_exception,P2,2026-03-28T12:42:00+05:30,2026-03-28T14:42:00+05:30,2026-03-28T16:59:00+05:30,resolved,743.3,0.5,21223,
185,1,3,19,9,customer_escalation,P1,2026-03-28T12:27:00+05:30,2026-03-28T13:27:00+05:30,,open,208.99,0.5,18591,
186,1,1,6,5,customer_escalation,P1,2026-03-28T12:27:00+05:30,2026-03-28T13:27:00+05:30,,open,546.58,0.5,13961,
187,1,2,8,7,customer_escalation,P1,2026-03-27T12:25:00+05:30,2026-03-27T13:25:00+05:30,2026-03-27T15:23:00+05:30,resolved,654.0,0.5,3058,
188,1,4,22,81,delivery_exception,P2,2026-03-28T12:06:00+05:30,2026-03-28T14:06:00+05:30,2026-03-28T15:37:00+05:30,resolved,511.89,0.5,19647,
189,1,5,29,102,delivery_exception,P2,2026-03-28T12:16:00+05:30,2026-03-28T14:16:00+05:30,,open,198.88,0.5,21588,
190,1,5,29,102,delivery_exception,P2,2026-03-28T12:42:00+05:30,2026-03-28T14:42:00+05:30,2026-03-28T14:54:00+05:30,resolved,493.98,0.5,21607,
191,1,5,27,96,delivery_exception,P2,2026-03-28T12:16:00+05:30,2026-03-28T14:16:00+05:30,,open,270.49,0.5,21067,
192,1,5,27,96,delivery_exception,P2,2026-03-28T12:09:00+05:30,2026-03-28T14:09:00+05:30,2026-03-28T16:16:00+05:30,resolved,1107.42,0.5,21036,
193,1,5,27,96,delivery_exception,P2,2026-03-28T12:18:00+05:30,2026-03-28T14:18:00+05:30,2026-03-28T14:37:00+05:30,resolved,888.56,0.5,21125,
194,1,4,22,11,customer_escalation,P1,2026-03-27T12:14:00+05:30,2026-03-27T13:14:00+05:30,,open,175.69,0.5,7926,
195,1,4,22,81,delivery_exception,P2,2026-03-28T12:07:00+05:30,2026-03-28T14:07:00+05:30,2026-03-28T14:46:00+05:30,resolved,363.74,0.5,19742,
196,1,5,29,102,delivery_exception,P2,2026-03-28T12:21:00+05:30,2026-03-28T14:21:00+05:30,2026-03-28T17:26:00+05:30,resolved,268.02,0.5,21671,
197,1,5,27,96,delivery_exception,P2,2026-03-28T12:30:00+05:30,2026-03-28T14:30:00+05:30,,open,97.18,0.5,21062,
198,1,1,1,5,customer_escalation,P1,2026-03-27T12:17:00+05:30,2026-03-27T13:17:00+05:30,2026-03-27T13:50:00+05:30,resolved,648.06,0.5,108,
199,1,4,22,81,delivery_exception,P2,2026-03-28T12:11:00+05:30,2026-03-28T14:11:00+05:30,,open,366.22,0.5,19542,
200,1,4,22,11,customer_escalation,P1,2026-03-28T12:16:00+05:30,2026-03-28T13:16:00+05:30,2026-03-28T14:25:00+05:30,resolved,586.85,0.5,19696,
201,1,4,22,81,delivery_exception,P2,2026-03-28T12:06:00+05:30,2026-03-28T14:06:00+05:30,2026-03-28T15:46:00+05:30,resolved,747.82,0.5,19566,
202,1,4,22,81,delivery_exception,P2,2026-03-28T12:26:00+05:30,2026-03-28T14:26:00+05:30,2026-03-28T17:30:00+05:30,resolved,1097.94,0.5,19608,
203,1,4,22,81,delivery_exception,P2,2026-03-28T12:13:00+05:30,2026-03-28T14:13:00+05:30,2026-03-28T14:49:00+05:30,resolved,596.95,0.5,19545,
204,1,2,13,7,customer_escalation,P1,2026-03-28T12:30:00+05:30,2026-03-28T13:30:00+05:30,,open,663.88,0.5,16635,
205,1,4,22,81,delivery_exception,P2,2026-03-28T12:22:00+05:30,2026-03-28T14:22:00+05:30,2026-03-28T17:49:00+05:30,resolved,117.56,0.5,19496,
206,1,3,15,9,customer_escalation,P1,2026-03-27T12:18:00+05:30,2026-03-27T13:18:00+05:30,,open,1077.21,0.5,6042,
207,1,5,29,102,delivery_exception,P2,2026-03-28T12:34:00+05:30,2026-03-28T14:34:00+05:30,,open,708.7,0.5,21698,
208,1,1,5,30,delivery_exception,P2,2026-03-27T12:01:00+05:30,2026-03-27T14:01:00+05:30,,open,359.09,0.5,1984,
209,1,1,1,5,customer_escalation,P1,2026-03-27T12:02:00+05:30,2026-03-27T13:02:00+05:30,,open,492.84,0.5,611,
210,1,3,19,9,customer_escalation,P1,2026-03-28T12:19:00+05:30,2026-03-28T13:19:00+05:30,2026-03-28T14:21:00+05:30,resolved,260.14,0.5,18811,
211,1,5,27,96,delivery_exception,P2,2026-03-28T12:25:00+05:30,2026-03-28T14:25:00+05:30,2026-03-28T15:33:00+05:30,resolved,344.38,0.5,21140,
212,1,3,20,75,delivery_exception,P2,2026-03-27T12:05:00+05:30,2026-03-27T14:05:00+05:30,2026-03-27T16:35:00+05:30,resolved,858.19,0.5,7400,
213,1,5,27,96,delivery_exception,P2,2026-03-28T12:14:00+05:30,2026-03-28T14:14:00+05:30,2026-03-28T16:03:00+05:30,resolved,232.76,0.5,21242,
214,1,1,5,30,delivery_exception,P2,2026-03-27T12:25:00+05:30,2026-03-27T14:25:00+05:30,2026-03-27T17:13:00+05:30,resolved,885.64,0.5,2079,
215,1,5,29,102,delivery_exception,P2,2026-03-28T12:27:00+05:30,2026-03-28T14:27:00+05:30,2026-03-28T16:36:00+05:30,resolved,744.69,0.5,21721,
216,1,5,29,102,delivery_exception,P2,2026-03-28T12:41:00+05:30,2026-03-28T14:41:00+05:30,,open,214.04,0.5,21580,
217,1,5,29,102,delivery_exception,P2,2026-03-28T12:24:00+05:30,2026-03-28T14:24:00+05:30,2026-03-28T16:24:00+05:30,resolved,335.99,0.5,21715,
218,1,4,23,84,delivery_exception,P2,2026-03-28T12:23:00+05:30,2026-03-28T14:23:00+05:30,,open,303.08,0.5,19922,
219,1,5,29,102,delivery_exception,P2,2026-03-28T12:11:00+05:30,2026-03-28T14:11:00+05:30,2026-03-28T17:01:00+05:30,resolved,153.33,0.5,21487,
220,1,4,22,81,delivery_exception,P2,2026-03-28T12:13:00+05:30,2026-03-28T14:13:00+05:30,2026-03-28T15:26:00+05:30,resolved,634.28,0.5,19687,
221,1,3,20,75,delivery_exception,P2,2026-03-27T12:08:00+05:30,2026-03-27T14:08:00+05:30,2026-03-27T16:15:00+05:30,resolved,182.88,0.5,7449,
222,1,1,5,30,delivery_exception,P2,2026-03-27T12:23:00+05:30,2026-03-27T14:23:00+05:30,2026-03-27T14:48:00+05:30,resolved,384.82,0.5,1934,
223,1,4,23,84,delivery_exception,P2,2026-03-28T12:07:00+05:30,2026-03-28T14:07:00+05:30,,open,635.34,0.5,19819,
224,1,1,5,30,delivery_exception,P2,2026-03-27T12:45:00+05:30,2026-03-27T14:45:00+05:30,2026-03-27T17:16:00+05:30,resolved,456.45,0.5,1955,
225,1,1,5,30,delivery_exception,P2,2026-03-27T12:00:00+05:30,2026-03-27T14:00:00+05:30,2026-03-27T15:45:00+05:30,resolved,90.05,0.5,1878,
226,1,4,23,84,delivery_exception,P2,2026-03-28T12:36:00+05:30,2026-03-28T14:36:00+05:30,2026-03-28T16:26:00+05:30,resolved,836.59,0.5,19798,
227,1,1,4,5,customer_escalation,P1,2026-03-27T12:43:00+05:30,2026-03-27T13:43:00+05:30,,open,638.34,0.5,1500,
228,1,5,27,96,delivery_exception,P2,2026-03-28T12:17:00+05:30,2026-03-28T14:17:00+05:30,2026-03-28T16:53:00+05:30,resolved,711.33,0.5,21068,
229,1,4,22,81,delivery_exception,P2,2026-03-28T12:15:00+05:30,2026-03-28T14:15:00+05:30,,open,293.08,0.5,19580,
230,1,4,23,84,delivery_exception,P2,2026-03-28T12:39:00+05:30,2026-03-28T14:39:00+05:30,,open,246.7,0.5,19897,
231,1,1,5,30,delivery_exception,P2,2026-03-27T12:15:00+05:30,2026-03-27T14:15:00+05:30,2026-03-27T16:21:00+05:30,resolved,592.89,0.5,2136,
232,1,4,22,81,delivery_exception,P2,2026-03-28T12:12:00+05:30,2026-03-28T14:12:00+05:30,2026-03-28T17:20:00+05:30,resolved,601.54,0.5,19784,
233,1,4,22,81,delivery_exception,P2,2026-03-28T12:34:00+05:30,2026-03-28T14:34:00+05:30,,open,122.29,0.5,19662,
234,1,4,24,11,customer_escalation,P1,2026-03-28T12:05:00+05:30,2026-03-28T13:05:00+05:30,,open,625.81,0.5,20117,
235,1,5,29,102,delivery_exception,P2,2026-03-28T12:43:00+05:30,2026-03-28T14:43:00+05:30,2026-03-28T17:47:00+05:30,resolved,755.45,0.5,21566,
236,1,4,22,81,delivery_exception,P2,2026-03-28T12:01:00+05:30,2026-03-28T14:01:00+05:30,2026-03-28T17:29:00+05:30,resolved,424.41,0.5,19675,
237,1,5,29,102,delivery_exception,P2,2026-03-28T12:19:00+05:30,2026-03-28T14:19:00+05:30,,open,988.23,0.5,21635,
238,1,4,22,81,delivery_exception,P2,2026-03-28T12:30:00+05:30,2026-03-28T14:30:00+05:30,,open,838.29,0.5,19736,
239,1,4,22,81,delivery_exception,P2,2026-03-28T12:16:00+05:30,2026-03-28T14:16:00+05:30,2026-03-28T16:14:00+05:30,resolved,223.25,0.5,19718,
240,1,5,29,102,delivery_exception,P2,2026-03-28T12:21:00+05:30,2026-03-28T14:21:00+05:30,,open,171.68,0.5,21668,
241,1,5,29,102,delivery_exception,P2,2026-03-28T12:30:00+05:30,2026-03-28T14:30:00+05:30,,open,316.42,0.5,21519,
242,1,5,29,102,delivery_exception,P2,2026-03-28T12:42:00+05:30,2026-03-28T14:42:00+05:30,,open,754.52,0.5,21458,
243,1,5,29,102,delivery_exception,P2,2026-03-28T12:01:00+05:30,2026-03-28T14:01:00+05:30,2026-03-28T15:34:00+05:30,resolved,259.14,0.5,21540,
244,1,1,5,30,delivery_exception,P2,2026-03-27T12:28:00+05:30,2026-03-27T14:28:00+05:30,2026-03-27T15:57:00+05:30,resolved,744.15,0.5,2093,
245,1,4,22,81,delivery_exception,P2,2026-03-28T12:12:00+05:30,2026-03-28T14:12:00+05:30,2026-03-28T14:28:00+05:30,resolved,481.43,0.5,19760,
246,1,5,29,102,delivery_exception,P2,2026-03-28T12:06:00+05:30,2026-03-28T14:06:00+05:30,2026-03-28T17:33:00+05:30,resolved,300.84,0.5,21728,
247,1,1,5,30,delivery_exception,P2,2026-03-27T12:37:00+05:30,2026-03-27T14:37:00+05:30,,open,449.87,0.5,2101,
248,1,1,1,5,customer_escalation,P1,2026-03-27T12:26:00+05:30,2026-03-27T13:26:00+05:30,2026-03-27T16:56:00+05:30,resolved,162.24,0.5,519,
249,1,4,21,11,customer_escalation,P1,2026-03-28T12:21:00+05:30,2026-03-28T13:21:00+05:30,2026-03-28T14:28:00+05:30,resolved,403.28,0.5,19343,
250,1,4,23,84,delivery_exception,P2,2026-03-28T12:36:00+05:30,2026-03-28T14:36:00+05:30,2026-03-28T17:04:00+05:30,resolved,723.49,0.5,19966,
251,1,5,29,102,delivery_exception,P2,2026-03-28T12:32:00+05:30,2026-03-28T14:32:00+05:30,,open,476.14,0.5,21505,
252,1,4,22,81,delivery_exception,P2,2026-03-28T12:00:00+05:30,2026-03-28T14:00:00+05:30,2026-03-28T16:20:00+05:30,resolved,1469.7,0.5,19634,
253,1,1,5,30,delivery_exception,P2,2026-03-27T12:05:00+05:30,2026-03-27T14:05:00+05:30,2026-03-27T14:55:00+05:30,resolved,983.09,0.5,1913,
254,1,1,5,30,delivery_exception,P2,2026-03-27T12:42:00+05:30,2026-03-27T14:42:00+05:30,2026-03-27T17:07:00+05:30,resolved,313.87,0.5,1912,
255,1,1,1,5,customer_escalation,P1,2026-03-27T12:42:00+05:30,2026-03-27T13:42:00+05:30,,open,283.89,0.5,28,
256,1,4,22,81,delivery_exception,P2,2026-03-28T12:13:00+05:30,2026-03-28T14:13:00+05:30,,open,143.82,0.5,19615,
257,1,4,22,81,delivery_exception,P2,2026-03-28T12:15:00+05:30,2026-03-28T14:15:00+05:30,,open,460.3,0.5,19471,
258,1,5,29,102,delivery_exception,P2,2026-03-28T12:18:00+05:30,2026-03-28T14:18:00+05:30,2026-03-28T17:41:00+05:30,resolved,574.65,0.5,21453,
259,1,5,27,96,delivery_exception,P2,2026-03-28T12:23:00+05:30,2026-03-28T14:23:00+05:30,2026-03-28T16:46:00+05:30,resolved,254.27,0.5,21205,
260,1,4,23,84,delivery_exception,P2,2026-03-28T12:44:00+05:30,2026-03-28T14:44:00+05:30,2026-03-28T15:33:00+05:30,resolved,240.82,0.5,19830,
261,1,5,29,102,delivery_exception,P2,2026-03-28T12:08:00+05:30,2026-03-28T14:08:00+05:30,2026-03-28T14:48:00+05:30,resolved,1852.5,0.5,21733,
262,1,5,29,102,delivery_exception,P2,2026-03-28T12:23:00+05:30,2026-03-28T14:23:00+05:30,2026-03-28T17:42:00+05:30,resolved,372.77,0.5,21533,
263,1,5,27,96,delivery_exception,P2,2026-03-28T12:31:00+05:30,2026-03-28T14:31:00+05:30,2026-03-28T17:37:00+05:30,resolved,354.9,0.5,21052,
264,1,5,29,102,delivery_exception,P2,2026-03-28T12:14:00+05:30,2026-03-28T14:14:00+05:30,,open,162.58,0.5,21687,
265,1,3,20,75,delivery_exception,P2,2026-03-27T12:15:00+05:30,2026-03-27T14:15:00+05:30,,open,287.39,0.5,7379,
266,1,3,20,75,delivery_exception,P2,2026-03-27T12:31:00+05:30,2026-03-27T14:31:00+05:30,,open,459.02,0.5,7389,
267,1,4,22,81,delivery_exception,P2,2026-03-28T12:38:00+05:30,2026-03-28T14:38:00+05:30,,open,457.43,0.5,19717,
268,1,4,22,81,delivery_exception,P2,2026-03-28T12:27:00+05:30,2026-03-28T14:27:00+05:30,,open,675.45,0.5,19606,
269,1,4,22,81,delivery_exception,P2,2026-03-28T12:39:00+05:30,2026-03-28T14:39:00+05:30,2026-03-28T16:04:00+05:30,resolved,282.36,0.5,19505,
270,1,5,29,102,delivery_exception,P2,2026-03-28T12:43:00+05:30,2026-03-28T14:43:00+05:30,2026-03-28T16:37:00+05:30,resolved,803.48,0.5,21711,
271,1,3,20,75,delivery_exception,P2,2026-03-27T12:14:00+05:30,2026-03-27T14:14:00+05:30,2026-03-27T17:04:00+05:30,resolved,428.34,0.5,7396,
272,1,4,22,81,delivery_exception,P2,2026-03-28T12:15:00+05:30,2026-03-28T14:15:00+05:30,2026-03-28T15:07:00+05:30,resolved,853.44,0.5,19753,
273,1,5,27,96,delivery_exception,P2,2026-03-28T12:14:00+05:30,2026-03-28T14:14:00+05:30,2026-03-28T16:45:00+05:30,resolved,346.74,0.5,20961,
274,1,5,29,102,delivery_exception,P2,2026-03-28T12:08:00+05:30,2026-03-28T14:08:00+05:30,,open,468.08,0.5,21693,
275,1,6,31,15,customer_escalation,P1,2026-03-28T12:21:00+05:30,2026-03-28T13:21:00+05:30,2026-03-28T13:37:00+05:30,resolved,546.33,0.5,22072,
276,1,1,5,30,delivery_exception,P2,2026-03-27T12:44:00+05:30,2026-03-27T14:44:00+05:30,2026-03-27T15:21:00+05:30,resolved,301.99,0.5,2124,
277,1,4,23,84,delivery_exception,P2,2026-03-28T12:41:00+05:30,2026-03-28T14:41:00+05:30,2026-03-28T15:01:00+05:30,resolved,232.78,0.5,19803,
278,1,4,22,81,delivery_exception,P2,2026-03-28T12:39:00+05:30,2026-03-28T14:39:00+05:30,,open,108.14,0.5,19732,
279,1,4,23,84,delivery_exception,P2,2026-03-28T12:09:00+05:30,2026-03-28T14:09:00+05:30,,open,1417.91,0.5,19983,
280,1,5,27,96,delivery_exception,P2,2026-03-28T12:03:00+05:30,2026-03-28T14:03:00+05:30,2026-03-28T15:51:00+05:30,resolved,483.55,0.5,21083,
281,1,1,5,30,delivery_exception,P2,2026-03-27T12:24:00+05:30,2026-03-27T14:24:00+05:30,2026-03-27T15:06:00+05:30,resolved,150.89,0.5,2158,
282,1,3,20,75,delivery_exception,P2,2026-03-27T12:04:00+05:30,2026-03-27T14:04:00+05:30,2026-03-27T17:20:00+05:30,resolved,599.91,0.5,7365,
283,1,1,5,30,delivery_exception,P2,2026-03-27T12:28:00+05:30,2026-03-27T14:28:00+05:30,,open,1104.3,0.5,1942,
284,1,3,20,75,delivery_exception,P2,2026-03-27T12:36:00+05:30,2026-03-27T14:36:00+05:30,,open,1414.9,0.5,7367,
285,1,3,20,75,delivery_exception,P2,2026-03-27T12:39:00+05:30,2026-03-27T14:39:00+05:30,2026-03-27T16:53:00+05:30,resolved,413.19,0.5,7436,
286,1,4,22,11,customer_escalation,P1,2026-03-28T12:43:00+05:30,2026-03-28T13:43:00+05:30,,open,1497.21,0.5,19478,
287,1,4,22,81,delivery_exception,P2,2026-03-28T12:17:00+05:30,2026-03-28T14:17:00+05:30,,open,259.04,0.5,19721,
288,1,5,29,102,delivery_exception,P2,2026-03-28T12:11:00+05:30,2026-03-28T14:11:00+05:30,,open,856.27,0.5,21707,
289,1,5,29,102,delivery_exception,P2,2026-03-28T12:28:00+05:30,2026-03-28T14:28:00+05:30,2026-03-28T15:02:00+05:30,resolved,324.36,0.5,21717,
290,1,1,5,30,delivery_exception,P2,2026-03-27T12:40:00+05:30,2026-03-27T14:40:00+05:30,2026-03-27T14:56:00+05:30,resolved,596.85,0.5,2089,
291,1,5,27,96,delivery_exception,P2,2026-03-28T12:26:00+05:30,2026-03-28T14:26:00+05:30,2026-03-28T16:50:00+05:30,resolved,353.88,0.5,20920,
292,1,5,29,102,delivery_exception,P2,2026-03-28T12:32:00+05:30,2026-03-28T14:32:00+05:30,2026-03-28T17:39:00+05:30,resolved,1079.61,0.5,21604,
293,1,3,20,75,delivery_exception,P2,2026-03-27T12:14:00+05:30,2026-03-27T14:14:00+05:30,2026-03-27T17:38:00+05:30,resolved,175.77,0.5,7473,
294,1,6,31,15,customer_escalation,P1,2026-03-28T12:12:00+05:30,2026-03-28T13:12:00+05:30,2026-03-28T15:36:00+05:30,resolved,489.08,0.5,21991,
295,1,5,29,102,delivery_exception,P2,2026-03-28T12:35:00+05:30,2026-03-28T14:35:00+05:30,2026-03-28T17:24:00+05:30,resolved,416.86,0.5,21680,
296,1,5,29,102,delivery_exception,P2,2026-03-28T12:31:00+05:30,2026-03-28T14:31:00+05:30,2026-03-28T15:11:00+05:30,resolved,317.71,0.5,21517,
297,1,4,23,84,delivery_exception,P2,2026-03-28T12:25:00+05:30,2026-03-28T14:25:00+05:30,2026-03-28T15:14:00+05:30,resolved,163.61,0.5,19823,
298,1,4,22,81,delivery_exception,P2,2026-03-28T12:02:00+05:30,2026-03-28T14:02:00+05:30,2026-03-28T15:55:00+05:30,resolved,673.92,0.5,19529,
299,1,4,22,81,delivery_exception,P2,2026-03-28T12:11:00+05:30,2026-03-28T14:11:00+05:30,,open,1220.29,0.5,19676,
300,1,4,22,81,delivery_exception,P2,2026-03-28T12:37:00+05:30,2026-03-28T14:37:00+05:30,,open,1003.35,0.5,19605,
301,1,4,22,81,delivery_exception,P2,2026-03-28T12:00:00+05:30,2026-03-28T14:00:00+05:30,2026-03-28T14:43:00+05:30,resolved,698.24,0.5,19716,
302,1,5,29,102,delivery_exception,P2,2026-03-28T12:00:00+05:30,2026-03-28T14:00:00+05:30,2026-03-28T16:41:00+05:30,resolved,380.61,0.5,21528,
303,1,1,2,5,customer_escalation,P1,2026-03-27T12:07:00+05:30,2026-03-27T13:07:00+05:30,,open,204.86,0.5,717,
304,1,4,22,81,delivery_exception,P2,2026-03-28T12:14:00+05:30,2026-03-28T14:14:00+05:30,2026-03-28T15:30:00+05:30,resolved,247.66,0.5,19473,
305,1,5,27,96,delivery_exception,P2,2026-03-28T12:32:00+05:30,2026-03-28T14:32:00+05:30,2026-03-28T18:02:00+05:30,resolved,674.33,0.5,21027,
306,1,4,22,81,delivery_exception,P2,2026-03-28T12:13:00+05:30,2026-03-28T14:13:00+05:30,2026-03-28T17:36:00+05:30,resolved,857.38,0.5,19552,
307,1,4,22,81,delivery_exception,P2,2026-03-28T12:37:00+05:30,2026-03-28T14:37:00+05:30,2026-03-28T17:14:00+05:30,resolved,270.36,0.5,19622,
308,1,4,23,84,delivery_exception,P2,2026-03-28T12:06:00+05:30,2026-03-28T14:06:00+05:30,2026-03-28T17:20:00+05:30,resolved,606.83,0.5,19824,
309,1,4,22,81,delivery_exception,P2,2026-03-28T12:38:00+05:30,2026-03-28T14:38:00+05:30,2026-03-28T15:54:00+05:30,resolved,518.57,0.5,19747,
310,1,1,5,30,delivery_exception,P2,2026-03-27T12:33:00+05:30,2026-03-27T14:33:00+05:30,2026-03-27T16:42:00+05:30,resolved,573.87,0.5,2040,
311,1,5,29,102,delivery_exception,P2,2026-03-28T12:24:00+05:30,2026-03-28T14:24:00+05:30,2026-03-28T17:14:00+05:30,resolved,227.27,0.5,21524,
312,1,4,22,81,delivery_exception,P2,2026-03-28T12:32:00+05:30,2026-03-28T14:32:00+05:30,2026-03-28T16:26:00+05:30,resolved,557.31,0.5,19619,
313,1,1,5,30,delivery_exception,P2,2026-03-27T12:05:00+05:30,2026-03-27T14:05:00+05:30,,open,216.62,0.5,2039,
314,1,5,29,102,delivery_exception,P2,2026-03-28T12:12:00+05:30,2026-03-28T14:12:00+05:30,2026-03-28T15:52:00+05:30,resolved,394.78,0.5,21520,
315,1,1,2,5,customer_escalation,P1,2026-03-28T12:25:00+05:30,2026-03-28T13:25:00+05:30,2026-03-28T14:03:00+05:30,resolved,928.92,0.5,12210,
316,1,5,29,102,delivery_exception,P2,2026-03-28T12:12:00+05:30,2026-03-28T14:12:00+05:30,2026-03-28T14:54:00+05:30,resolved,163.61,0.5,21663,
317,1,2,12,7,customer_escalation,P1,2026-03-27T12:18:00+05:30,2026-03-27T13:18:00+05:30,,open,935.23,0.5,5080,
318,1,5,29,102,delivery_exception,P2,2026-03-28T12:31:00+05:30,2026-03-28T14:31:00+05:30,2026-03-28T17:46:00+05:30,resolved,444.95,0.5,21703,
319,1,5,29,102,delivery_exception,P2,2026-03-28T12:37:00+05:30,2026-03-28T14:37:00+05:30,2026-03-28T15:10:00+05:30,resolved,652.08,0.5,21548,
320,1,5,27,96,delivery_exception,P2,2026-03-28T12:17:00+05:30,2026-03-28T14:17:00+05:30,,open,659.75,0.5,20951,
321,1,5,29,102,delivery_exception,P2,2026-03-28T12:42:00+05:30,2026-03-28T14:42:00+05:30,,open,275.81,0.5,21541,
322,1,4,22,81,delivery_exception,P2,2026-03-28T12:05:00+05:30,2026-03-28T14:05:00+05:30,,open,837.54,0.5,19673,
323,1,5,29,102,delivery_exception,P2,2026-03-28T12:43:00+05:30,2026-03-28T14:43:00+05:30,,open,237.23,0.5,21655,
324,1,5,29,102,delivery_exception,P2,2026-03-28T12:34:00+05:30,2026-03-28T14:34:00+05:30,,open,795.56,0.5,21464,
325,1,4,23,84,delivery_exception,P2,2026-03-28T12:14:00+05:30,2026-03-28T14:14:00+05:30,2026-03-28T15:30:00+05:30,resolved,874.83,0.5,19972,
326,1,4,22,81,delivery_exception,P2,2026-03-28T12:25:00+05:30,2026-03-28T14:25:00+05:30,2026-03-28T15:30:00+05:30,resolved,107.69,0.5,19562,
327,1,2,12,7,customer_escalation,P1,2026-03-27T12:19:00+05:30,2026-03-27T13:19:00+05:30,,open,777.26,0.5,4636,
328,1,5,27,96,delivery_exception,P2,2026-03-28T12:21:00+05:30,2026-03-28T14:21:00+05:30,2026-03-28T16:28:00+05:30,resolved,285.42,0.5,21075,
329,1,1,5,30,delivery_exception,P2,2026-03-27T12:25:00+05:30,2026-03-27T14:25:00+05:30,,open,413.3,0.5,1965,
330,1,4,24,11,customer_escalation,P1,2026-03-28T12:16:00+05:30,2026-03-28T13:16:00+05:30,2026-03-28T13:48:00+05:30,resolved,593.38,0.5,20238,
331,1,5,29,102,delivery_exception,P2,2026-03-28T12:14:00+05:30,2026-03-28T14:14:00+05:30,2026-03-28T17:08:00+05:30,resolved,154.01,0.5,21652,
332,1,4,23,84,delivery_exception,P2,2026-03-28T12:01:00+05:30,2026-03-28T14:01:00+05:30,2026-03-28T16:59:00+05:30,resolved,456.09,0.5,19968,
333,1,3,20,75,delivery_exception,P2,2026-03-27T12:13:00+05:30,2026-03-27T14:13:00+05:30,,open,573.87,0.5,7397,
334,1,4,22,81,delivery_exception,P2,2026-03-28T12:35:00+05:30,2026-03-28T14:35:00+05:30,2026-03-28T14:49:00+05:30,resolved,297.17,0.5,19621,
335,1,1,1,5,customer_escalation,P1,2026-03-27T12:25:00+05:30,2026-03-27T13:25:00+05:30,2026-03-27T13:39:00+05:30,resolved,919.98,0.5,277,
336,1,5,27,96,delivery_exception,P2,2026-03-28T12:32:00+05:30,2026-03-28T14:32:00+05:30,,open,556.18,0.5,20919,
337,1,1,5,30,delivery_exception,P2,2026-03-27T12:28:00+05:30,2026-03-27T14:28:00+05:30,,open,974.27,0.5,2038,
338,1,5,29,102,delivery_exception,P2,2026-03-28T12:00:00+05:30,2026-03-28T14:00:00+05:30,,open,575.87,0.5,21579,
339,1,4,22,81,delivery_exception,P2,2026-03-28T12:37:00+05:30,2026-03-28T14:37:00+05:30,2026-03-28T17:18:00+05:30,resolved,484.57,0.5,19660,
340,1,3,20,75,delivery_exception,P2,2026-03-27T12:43:00+05:30,2026-03-27T14:43:00+05:30,2026-03-27T15:25:00+05:30,resolved,159.68,0.5,7402,
341,1,4,23,84,delivery_exception,P2,2026-03-28T12:02:00+05:30,2026-03-28T14:02:00+05:30,2026-03-28T17:15:00+05:30,resolved,359.02,0.5,19894,
342,1,5,29,102,delivery_exception,P2,2026-03-28T12:10:00+05:30,2026-03-28T14:10:00+05:30,,open,1169.4,0.5,21640,
343,1,4,25,11,customer_escalation,P1,2026-03-27T12:45:00+05:30,2026-03-27T13:45:00+05:30,,open,213.48,0.5,9112,
344,1,4,22,81,delivery_exception,P2,2026-03-28T12:41:00+05:30,2026-03-28T14:41:00+05:30,2026-03-28T16:59:00+05:30,resolved,499.69,0.5,19642,
345,1,1,5,30,delivery_exception,P2,2026-03-27T12:08:00+05:30,2026-03-27T14:08:00+05:30,,open,890.46,0.5,1917,
346,1,5,29,102,delivery_exception,P2,2026-03-28T12:28:00+05:30,2026-03-28T14:28:00+05:30,,open,546.58,0.5,21601,
347,1,4,22,81,delivery_exception,P2,2026-03-28T12:32:00+05:30,2026-03-28T14:32:00+05:30,2026-03-28T16:50:00+05:30,resolved,254.55,0.5,19709,
348,1,4,22,81,delivery_exception,P2,2026-03-28T12:09:00+05:30,2026-03-28T14:09:00+05:30,2026-03-28T15:49:00+05:30,resolved,542.57,0.5,19593,
349,1,1,5,30,delivery_exception,P2,2026-03-27T12:12:00+05:30,2026-03-27T14:12:00+05:30,2026-03-27T16:33:00+05:30,resolved,576.64,0.5,2062,
350,1,4,23,84,delivery_exception,P2,2026-03-28T12:44:00+05:30,2026-03-28T14:44:00+05:30,2026-03-28T16:37:00+05:30,resolved,884.96,0.5,19858,
351,1,6,31,15,customer_escalation,P1,2026-03-27T12:30:00+05:30,2026-03-27T13:30:00+05:30,2026-03-27T13:42:00+05:30,resolved,123.88,0.5,10770,
352,1,1,5,30,delivery_exception,P2,2026-03-27T12:11:00+05:30,2026-03-27T14:11:00+05:30,,open,121.79,0.5,2060,
353,1,5,27,96,delivery_exception,P2,2026-03-28T12:09:00+05:30,2026-03-28T14:09:00+05:30,2026-03-28T16:29:00+05:30,resolved,536.38,0.5,20868,
354,1,5,29,102,delivery_exception,P2,2026-03-28T12:37:00+05:30,2026-03-28T14:37:00+05:30,2026-03-28T17:25:00+05:30,resolved,141.38,0.5,21570,
355,1,2,14,7,customer_escalation,P1,2026-03-27T12:03:00+05:30,2026-03-27T13:03:00+05:30,,open,456.42,0.5,5498,
356,1,5,29,102,delivery_exception,P2,2026-03-28T12:37:00+05:30,2026-03-28T14:37:00+05:30,,open,596.7,0.5,21569,
357,1,2,14,57,delivery_exception,P2,2026-03-28T12:23:00+05:30,2026-03-28T14:23:00+05:30,,open,324.11,0.5,16901,
358,1,5,27,96,delivery_exception,P2,2026-03-28T12:12:00+05:30,2026-03-28T14:12:00+05:30,2026-03-28T15:25:00+05:30,resolved,578.83,0.5,21119,
359,1,4,23,84,delivery_exception,P2,2026-03-28T12:04:00+05:30,2026-03-28T14:04:00+05:30,,open,408.65,0.5,19976,
360,1,4,23,84,delivery_exception,P2,2026-03-28T12:31:00+05:30,2026-03-28T14:31:00+05:30,,open,400.27,0.5,19794,
361,1,4,23,84,delivery_exception,P2,2026-03-28T12:12:00+05:30,2026-03-28T14:12:00+05:30,,open,241.74,0.5,19977,
362,1,2,9,7,customer_escalation,P1,2026-03-28T12:20:00+05:30,2026-03-28T13:20:00+05:30,2026-03-28T16:30:00+05:30,resolved,350.08,0.5,14777,
363,1,5,29,102,delivery_exception,P2,2026-03-28T12:34:00+05:30,2026-03-28T14:34:00+05:30,,open,250.66,0.5,21596,
364,1,1,5,30,delivery_exception,P2,2026-03-27T12:17:00+05:30,2026-03-27T14:17:00+05:30,2026-03-27T16:55:00+05:30,resolved,498.74,0.5,2150,
365,1,4,22,81,delivery_exception,P2,2026-03-28T12:41:00+05:30,2026-03-28T14:41:00+05:30,2026-03-28T17:09:00+05:30,resolved,305.95,0.5,19431,
366,1,4,22,81,delivery_exception,P2,2026-03-28T12:10:00+05:30,2026-03-28T14:10:00+05:30,,open,181.73,0.5,19748,
367,1,5,29,13,customer_escalation,P1,2026-03-28T12:04:00+05:30,2026-03-28T13:04:00+05:30,,open,279.85,0.5,21456,
368,1,1,5,30,delivery_exception,P2,2026-03-27T12:27:00+05:30,2026-03-27T14:27:00+05:30,,open,522.42,0.5,1906,
369,1,4,25,11,customer_escalation,P1,2026-03-27T12:39:00+05:30,2026-03-27T13:39:00+05:30,2026-03-27T14:12:00+05:30,resolved,470.06,0.5,8993,
370,1,4,22,11,customer_escalation,P1,2026-03-28T12:11:00+05:30,2026-03-28T13:11:00+05:30,2026-03-28T14:06:00+05:30,resolved,65.58,0.5,19600,
371,1,2,9,7,customer_escalation,P1,2026-03-28T12:15:00+05:30,2026-03-28T13:15:00+05:30,,open,636.12,0.5,14987,
372,1,3,20,75,delivery_exception,P2,2026-03-27T12:23:00+05:30,2026-03-27T14:23:00+05:30,,open,214.23,0.5,7444,
373,1,4,22,81,delivery_exception,P2,2026-03-28T12:05:00+05:30,2026-03-28T14:05:00+05:30,,open,619.64,0.5,19488,
374,1,4,23,84,delivery_exception,P2,2026-03-28T12:32:00+05:30,2026-03-28T14:32:00+05:30,2026-03-28T15:57:00+05:30,resolved,273.08,0.5,19826,
375,1,4,22,81,delivery_exception,P2,2026-03-28T12:30:00+05:30,2026-03-28T14:30:00+05:30,2026-03-28T16:51:00+05:30,resolved,394.46,0.5,19444,
376,1,4,23,84,delivery_exception,P2,2026-03-28T12:05:00+05:30,2026-03-28T14:05:00+05:30,2026-03-28T15:01:00+05:30,resolved,141.51,0.5,19831,
377,1,1,5,30,delivery_exception,P2,2026-03-27T12:33:00+05:30,2026-03-27T14:33:00+05:30,,open,82.72,0.5,2017,
378,1,4,22,81,delivery_exception,P2,2026-03-28T12:23:00+05:30,2026-03-28T14:23:00+05:30,,open,366.57,0.5,19722,
379,1,4,22,81,delivery_exception,P2,2026-03-28T12:35:00+05:30,2026-03-28T14:35:00+05:30,,open,339.02,0.5,19631,
380,1,3,20,75,delivery_exception,P2,2026-03-27T12:08:00+05:30,2026-03-27T14:08:00+05:30,2026-03-27T14:51:00+05:30,resolved,892.75,0.5,7433,
381,1,4,22,81,delivery_exception,P2,2026-03-28T12:38:00+05:30,2026-03-28T14:38:00+05:30,,open,129.28,0.5,19701,
382,1,5,27,96,delivery_exception,P2,2026-03-28T12:14:00+05:30,2026-03-28T14:14:00+05:30,2026-03-28T17:30:00+05:30,resolved,669.52,0.5,21044,
383,1,5,29,102,delivery_exception,P2,2026-03-28T12:04:00+05:30,2026-03-28T14:04:00+05:30,2026-03-28T16:49:00+05:30,resolved,415.31,0.5,21674,
384,1,1,5,30,delivery_exception,P2,2026-03-27T12:30:00+05:30,2026-03-27T14:30:00+05:30,2026-03-27T14:58:00+05:30,resolved,272.72,0.5,2090,
385,1,4,23,84,delivery_exception,P2,2026-03-28T12:16:00+05:30,2026-03-28T14:16:00+05:30,,open,699.06,0.5,19915,
386,1,4,22,81,delivery_exception,P2,2026-03-28T12:41:00+05:30,2026-03-28T14:41:00+05:30,2026-03-28T15:25:00+05:30,resolved,830.19,0.5,19523,
387,1,1,5,30,delivery_exception,P2,2026-03-27T12:16:00+05:30,2026-03-27T14:16:00+05:30,,open,685.28,0.5,1963,
388,1,5,29,102,delivery_exception,P2,2026-03-28T12:25:00+05:30,2026-03-28T14:25:00+05:30,2026-03-28T16:09:00+05:30,resolved,202.43,0.5,21660,
389,1,5,27,96,delivery_exception,P2,2026-03-28T12:02:00+05:30,2026-03-28T14:02:00+05:30,,open,926.66,0.5,21236,
390,1,5,29,102,delivery_exception,P2,2026-03-28T12:45:00+05:30,2026-03-28T14:45:00+05:30,,open,676.33,0.5,21501,
391,1,5,27,96,delivery_exception,P2,2026-03-28T12:05:00+05:30,2026-03-28T14:05:00+05:30,,open,625.24,0.5,21167,
392,1,5,29,102,delivery_exception,P2,2026-03-28T12:20:00+05:30,2026-03-28T14:20:00+05:30,,open,804.01,0.5,21699,
393,1,4,21,11,customer_escalation,P1,2026-03-27T12:40:00+05:30,2026-03-27T13:40:00+05:30,2026-03-27T16:31:00+05:30,resolved,79.96,0.5,7577,
394,1,4,22,81,delivery_exception,P2,2026-03-28T12:33:00+05:30,2026-03-28T14:33:00+05:30,,open,1933.13,0.5,19771,
395,1,5,27,96,delivery_exception,P2,2026-03-28T12:39:00+05:30,2026-03-28T14:39:00+05:30,2026-03-28T16:37:00+05:30,resolved,676.01,0.5,20850,
396,1,4,23,84,delivery_exception,P2,2026-03-28T12:26:00+05:30,2026-03-28T14:26:00+05:30,2026-03-28T15:46:00+05:30,resolved,332.81,0.5,19931,
397,1,4,22,81,delivery_exception,P2,2026-03-28T12:25:00+05:30,2026-03-28T14:25:00+05:30,2026-03-28T17:53:00+05:30,resolved,505.08,0.5,19530,
398,1,4,22,81,delivery_exception,P2,2026-03-28T12:11:00+05:30,2026-03-28T14:11:00+05:30,2026-03-28T16:06:00+05:30,resolved,563.13,0.5,19501,
399,1,5,27,96,delivery_exception,P2,2026-03-28T12:02:00+05:30,2026-03-28T14:02:00+05:30,2026-03-28T16:24:00+05:30,resolved,289.93,0.5,20990,
400,1,4,22,81,delivery_exception,P2,2026-03-28T12:13:00+05:30,2026-03-28T14:13:00+05:30,2026-03-28T15:47:00+05:30,resolved,738.73,0.5,19626,
401,1,4,21,11,customer_escalation,P1,2026-03-28T12:19:00+05:30,2026-03-28T13:19:00+05:30,2026-03-28T15:38:00+05:30,resolved,1083.62,0.5,19174,
402,1,4,22,81,delivery_exception,P2,2026-03-28T12:05:00+05:30,2026-03-28T14:05:00+05:30,2026-03-28T15:05:00+05:30,resolved,665.57,0.5,19589,
403,1,1,5,30,delivery_exception,P2,2026-03-27T12:13:00+05:30,2026-03-27T14:13:00+05:30,,open,173.35,0.5,1962,
404,1,1,2,5,customer_escalation,P1,2026-03-27T12:21:00+05:30,2026-03-27T13:21:00+05:30,2026-03-27T16:34:00+05:30,resolved,67.15,0.5,793,
405,1,5,29,102,delivery_exception,P2,2026-03-28T12:14:00+05:30,2026-03-28T14:14:00+05:30,2026-03-28T15:05:00+05:30,resolved,222.05,0.5,21545,
406,1,4,22,81,delivery_exception,P2,2026-03-28T12:32:00+05:30,2026-03-28T14:32:00+05:30,,open,218.82,0.5,19715,
407,1,3,17,66,delivery_exception,P2,2026-03-27T12:39:00+05:30,2026-03-27T14:39:00+05:30,,open,358.27,0.5,6747,
408,1,2,10,7,customer_escalation,P1,2026-03-28T12:31:00+05:30,2026-03-28T13:31:00+05:30,2026-03-28T15:11:00+05:30,resolved,893.21,0.5,15516,
409,1,1,5,30,delivery_exception,P2,2026-03-27T12:37:00+05:30,2026-03-27T14:37:00+05:30,2026-03-27T16:56:00+05:30,resolved,562.58,0.5,1966,
410,1,4,22,81,delivery_exception,P2,2026-03-28T12:39:00+05:30,2026-03-28T14:39:00+05:30,2026-03-28T15:49:00+05:30,resolved,374.58,0.5,19706,
411,1,2,8,7,customer_escalation,P1,2026-03-27T12:21:00+05:30,2026-03-27T13:21:00+05:30,2026-03-27T16:45:00+05:30,resolved,404.26,0.5,3232,
412,1,5,27,96,delivery_exception,P2,2026-03-28T12:01:00+05:30,2026-03-28T14:01:00+05:30,2026-03-28T17:21:00+05:30,resolved,264.27,0.5,21094,
413,1,1,6,5,customer_escalation,P1,2026-03-28T12:03:00+05:30,2026-03-28T13:03:00+05:30,,open,479.0,0.5,13818,
414,1,5,29,102,delivery_exception,P2,2026-03-28T12:43:00+05:30,2026-03-28T14:43:00+05:30,,open,364.21,0.5,21688,
415,1,1,2,5,customer_escalation,P1,2026-03-28T12:12:00+05:30,2026-03-28T13:12:00+05:30,,open,229.82,0.5,12410,
416,1,3,20,75,delivery_exception,P2,2026-03-27T12:39:00+05:30,2026-03-27T14:39:00+05:30,,open,188.26,0.5,7344,
417,1,5,29,102,delivery_exception,P2,2026-03-28T12:43:00+05:30,2026-03-28T14:43:00+05:30,2026-03-28T15:06:00+05:30,resolved,462.52,0.5,21553,
418,1,5,29,102,delivery_exception,P2,2026-03-28T12:45:00+05:30,2026-03-28T14:45:00+05:30,2026-03-28T18:08:00+05:30,resolved,802.71,0.5,21684,
419,1,2,14,57,delivery_exception,P2,2026-03-28T12:28:00+05:30,2026-03-28T14:28:00+05:30,2026-03-28T17:39:00+05:30,resolved,1038.58,0.5,16943,
420,1,5,29,102,delivery_exception,P2,2026-03-28T12:06:00+05:30,2026-03-28T14:06:00+05:30,2026-03-28T14:29:00+05:30,resolved,589.57,0.5,21634,
421,1,4,23,84,delivery_exception,P2,2026-03-28T12:14:00+05:30,2026-03-28T14:14:00+05:30,2026-03-28T17:06:00+05:30,resolved,825.86,0.5,19838,
422,1,1,4,5,customer_escalation,P1,2026-03-27T12:40:00+05:30,2026-03-27T13:40:00+05:30,2026-03-27T15:29:00+05:30,resolved,957.01,0.5,1512,
423,1,5,27,96,delivery_exception,P2,2026-03-28T12:18:00+05:30,2026-03-28T14:18:00+05:30,,open,342.67,0.5,20954,
424,1,5,29,13,customer_escalation,P1,2026-03-27T12:19:00+05:30,2026-03-27T13:19:00+05:30,2026-03-27T15:44:00+05:30,resolved,636.76,0.5,10025,
425,1,5,29,102,delivery_exception,P2,2026-03-28T12:18:00+05:30,2026-03-28T14:18:00+05:30,2026-03-28T15:45:00+05:30,resolved,310.93,0.5,21555,
426,1,5,27,96,delivery_exception,P2,2026-03-28T12:38:00+05:30,2026-03-28T14:38:00+05:30,,open,594.6,0.5,21088,
427,1,4,22,81,delivery_exception,P2,2026-03-28T12:28:00+05:30,2026-03-28T14:28:00+05:30,2026-03-28T15:22:00+05:30,resolved,880.85,0.5,19482,
428,1,4,22,81,delivery_exception,P2,2026-03-28T12:35:00+05:30,2026-03-28T14:35:00+05:30,,open,207.63,0.5,19720,
429,1,5,27,96,delivery_exception,P2,2026-03-28T12:29:00+05:30,2026-03-28T14:29:00+05:30,2026-03-28T16:13:00+05:30,resolved,129.1,0.5,21086,
430,1,3,20,75,delivery_exception,P2,2026-03-27T12:30:00+05:30,2026-03-27T14:30:00+05:30,2026-03-27T15:33:00+05:30,resolved,471.19,0.5,7414,
431,1,4,23,84,delivery_exception,P2,2026-03-28T12:21:00+05:30,2026-03-28T14:21:00+05:30,2026-03-28T15:10:00+05:30,resolved,782.66,0.5,19846,
432,1,5,29,102,delivery_exception,P2,2026-03-28T12:10:00+05:30,2026-03-28T14:10:00+05:30,2026-03-28T16:23:00+05:30,resolved,191.0,0.5,21683,
433,1,3,20,75,delivery_exception,P2,2026-03-27T12:43:00+05:30,2026-03-27T14:43:00+05:30,,open,327.28,0.5,7371,
434,1,4,22,81,delivery_exception,P2,2026-03-28T12:34:00+05:30,2026-03-28T14:34:00+05:30,2026-03-28T17:19:00+05:30,resolved,1564.56,0.5,19420,
435,1,4,22,81,delivery_exception,P2,2026-03-28T12:13:00+05:30,2026-03-28T14:13:00+05:30,2026-03-28T17:43:00+05:30,resolved,887.0,0.5,19556,
436,1,1,5,30,delivery_exception,P2,2026-03-27T12:43:00+05:30,2026-03-27T14:43:00+05:30,,open,234.36,0.5,1985,
437,1,4,22,81,delivery_exception,P2,2026-03-28T12:33:00+05:30,2026-03-28T14:33:00+05:30,,open,1427.35,0.5,19602,
438,1,4,22,81,delivery_exception,P2,2026-03-28T12:11:00+05:30,2026-03-28T14:11:00+05:30,,open,1058.73,0.5,19567,
439,1,1,5,30,delivery_exception,P2,2026-03-27T12:44:00+05:30,2026-03-27T14:44:00+05:30,2026-03-27T17:28:00+05:30,resolved,550.52,0.5,1971,
440,1,5,27,96,delivery_exception,P2,2026-03-28T12:38:00+05:30,2026-03-28T14:38:00+05:30,,open,1729.55,0.5,21015,
441,1,5,29,102,delivery_exception,P2,2026-03-28T12:21:00+05:30,2026-03-28T14:21:00+05:30,2026-03-28T16:31:00+05:30,resolved,706.72,0.5,21642,
442,1,3,20,75,delivery_exception,P2,2026-03-27T12:09:00+05:30,2026-03-27T14:09:00+05:30,2026-03-27T17:16:00+05:30,resolved,584.98,0.5,7450,
443,1,4,22,81,delivery_exception,P2,2026-03-28T12:16:00+05:30,2026-03-28T14:16:00+05:30,2026-03-28T14:31:00+05:30,resolved,714.85,0.5,19700,
444,1,1,5,30,delivery_exception,P2,2026-03-27T12:03:00+05:30,2026-03-27T14:03:00+05:30,2026-03-27T15:47:00+05:30,resolved,531.73,0.5,2074,
445,1,4,22,81,delivery_exception,P2,2026-03-28T12:39:00+05:30,2026-03-28T14:39:00+05:30,,open,304.59,0.5,19782,
446,1,1,5,30,delivery_exception,P2,2026-03-27T12:35:00+05:30,2026-03-27T14:35:00+05:30,,open,321.52,0.5,1922,
447,1,4,21,11,customer_escalation,P1,2026-03-27T12:25:00+05:30,2026-03-27T13:25:00+05:30,,open,258.02,0.5,7849,
448,1,4,22,81,delivery_exception,P2,2026-03-28T12:04:00+05:30,2026-03-28T14:04:00+05:30,,open,357.08,0.5,19763,
449,1,1,5,30,delivery_exception,P2,2026-03-27T12:38:00+05:30,2026-03-27T14:38:00+05:30,,open,543.13,0.5,2037,
450,1,4,22,81,delivery_exception,P2,2026-03-28T12:37:00+05:30,2026-03-28T14:37:00+05:30,2026-03-28T15:11:00+05:30,resolved,443.82,0.5,19669,
451,1,1,5,28,store_incident,P1,2026-03-27T10:22:00+05:30,2026-03-27T16:22:00+05:30,,open,4477.42,11.34,,
452,1,3,20,73,store_incident,P2,2026-03-27T10:16:00+05:30,2026-03-27T16:16:00+05:30,2026-03-27T19:05:34.468918+05:30,resolved,4092.83,3.34,,
453,1,3,20,74,cold_chain_issue,P1,2026-03-28T08:32:00+05:30,2026-03-28T11:32:00+05:30,,open,71596.61,2.29,,
454,1,4,22,79,store_incident,P1,2026-03-28T10:14:00+05:30,2026-03-28T16:14:00+05:30,2026-03-28T12:50:05.680641+05:30,resolved,8769.15,5.83,,
455,1,4,23,82,store_incident,P1,2026-03-28T10:36:00+05:30,2026-03-28T16:36:00+05:30,2026-03-28T14:10:16.525742+05:30,resolved,3813.4,2.23,,
456,1,5,27,94,store_incident,P2,2026-03-28T10:17:00+05:30,2026-03-28T16:17:00+05:30,,open,9836.29,8.85,,
457,1,5,29,100,store_incident,P2,2026-03-28T10:34:00+05:30,2026-03-28T16:34:00+05:30,,open,7929.29,7.12,,
